2026-08-15 17:49:51,508 - INFO - 
======================================================================
2026-08-15 17:49:51,508 - INFO - [STARTUP] TekJobs Resume Downloader - Requests-based (No Selenium)
2026-08-15 17:49:51,508 - INFO - [STARTUP] HTTP Library: urllib (built-in - no dependencies)
2026-08-15 17:49:51,508 - INFO - [STARTUP] Environment: Hostinger Shared Hosting (Laravel Storage)
2026-08-15 17:49:51,508 - INFO - ======================================================================
2026-08-15 17:49:51,509 - INFO - [INIT] Tracking files initialized
2026-08-15 17:49:51,509 - INFO - [RESUME-SKIP] Tracker file created
2026-08-15 17:49:51,509 - INFO - [S3-RECOVERY] S3 URLs tracker file created
2026-08-15 17:49:51,510 - INFO - [FETCH-INIT] Fetched resume IDs tracker file created
2026-08-15 17:49:51,510 - INFO - [RESUME-SKIP] Loaded 0 previously downloaded IDs
2026-08-15 17:49:51,510 - WARNING - [WARNING] Using hardcoded credentials. Set TEKJOBS_EMAIL and TEKJOBS_PASSWORD environment variables for production
2026-08-15 17:49:51,511 - INFO - [LOGIN] Lazy login mode - authenticate only on 401 error
2026-08-15 17:49:52,512 - INFO - [PARALLEL-DOWNLOAD] Parallel downloader started
2026-08-15 17:49:52,512 - INFO - [PARALLEL-DOWNLOAD] Parallel downloader thread started as daemon
2026-08-15 17:49:52,513 - INFO - [LOGIN] Lazy login mode - downloads starting immediately
2026-08-15 17:49:52,514 - INFO - [FETCH-DEDUP] Loaded 0 fetched resume IDs for deduplication
2026-08-15 17:50:08,844 - INFO - [FETCH] Resume list page 1 retrieved
2026-08-15 17:50:08,849 - INFO - [FETCH-STORE] Page 1: 15 new IDs stored, 0 duplicates skipped
2026-08-15 17:50:12,535 - INFO - [BULLETPROOF] Attempt 1/5
2026-08-15 17:50:16,756 - INFO - [FETCH] Resume list page 2 retrieved
2026-08-15 17:50:16,757 - INFO - [FETCH-STORE] Page 2: 15 new IDs stored, 0 duplicates skipped
2026-08-15 17:50:24,059 - INFO - [DETAIL] S3 URL extracted for 67ee80767b989a03057b1d45
2026-08-15 17:50:24,938 - INFO - [DOWNLOAD] Success: Victor_nQTgvT_DiUVtl.docx (33588 bytes) from S3
2026-08-15 17:50:24,939 - INFO - [RESUME-SKIP] Marked 67ee80767b989a03057b1d45 as downloaded
2026-08-15 17:50:24,939 - INFO - [S3-RECOVERY] Stored S3 URL for 67ee80767b989a03057b1d45
2026-08-15 17:50:24,939 - INFO - [BULLETPROOF] Success on attempt 1
2026-08-15 17:50:24,939 - INFO - [PARALLEL-DOWNLOAD] Successfully downloaded 67ee80767b989a03057b1d45
2026-08-15 17:50:30,913 - INFO - [FETCH] Resume list page 3 retrieved
2026-08-15 17:50:30,914 - INFO - [FETCH-STORE] Page 3: 15 new IDs stored, 0 duplicates skipped
2026-08-15 17:50:34,949 - INFO - [BULLETPROOF] Attempt 1/5
2026-08-15 17:50:39,005 - INFO - [FETCH] Resume list page 4 retrieved
2026-08-15 17:50:39,006 - INFO - [FETCH-STORE] Page 4: 15 new IDs stored, 0 duplicates skipped
2026-08-15 17:50:46,265 - INFO - [DETAIL] S3 URL extracted for 67ee7f523e4b997be8031d83
2026-08-15 17:50:47,193 - INFO - [DOWNLOAD] Success: randy_knapp_resume_2025_Q1_JcNP4U_LtG0jC.docx (15822 bytes) from S3
2026-08-15 17:50:47,193 - INFO - [RESUME-SKIP] Marked 67ee7f523e4b997be8031d83 as downloaded
2026-08-15 17:50:47,193 - INFO - [S3-RECOVERY] Stored S3 URL for 67ee7f523e4b997be8031d83
2026-08-15 17:50:47,193 - INFO - [BULLETPROOF] Success on attempt 1
2026-08-15 17:50:47,194 - INFO - [PARALLEL-DOWNLOAD] Successfully downloaded 67ee7f523e4b997be8031d83
2026-08-15 17:50:53,156 - INFO - [FETCH] Resume list page 5 retrieved
2026-08-15 17:50:53,157 - INFO - [FETCH-STORE] Page 5: 15 new IDs stored, 0 duplicates skipped
2026-08-15 17:50:57,203 - INFO - [BULLETPROOF] Attempt 1/5
2026-08-15 17:51:01,278 - INFO - [FETCH] Resume list page 6 retrieved
2026-08-15 17:51:01,278 - INFO - [FETCH-STORE] Page 6: 14 new IDs stored, 0 duplicates skipped
2026-08-15 17:51:08,585 - INFO - [DETAIL] S3 URL extracted for 67ee7e560911ac65d2569b43
2026-08-15 17:51:09,518 - INFO - [DOWNLOAD] Success: Violet_Fadimatou_Resume_FTiCV6_7RmeN5.docx (26683 bytes) from S3
2026-08-15 17:51:09,520 - INFO - [RESUME-SKIP] Marked 67ee7e560911ac65d2569b43 as downloaded
2026-08-15 17:51:09,521 - INFO - [S3-RECOVERY] Stored S3 URL for 67ee7e560911ac65d2569b43
2026-08-15 17:51:09,521 - INFO - [BULLETPROOF] Success on attempt 1
2026-08-15 17:51:09,522 - INFO - [PARALLEL-DOWNLOAD] Successfully downloaded 67ee7e560911ac65d2569b43
2026-08-15 17:51:15,439 - INFO - [FETCH] Resume list page 7 retrieved
2026-08-15 17:51:15,439 - INFO - [FETCH-STORE] Page 7: 14 new IDs stored, 0 duplicates skipped
2026-08-15 17:51:19,532 - INFO - [BULLETPROOF] Attempt 1/5
2026-08-15 17:51:23,274 - INFO - [FETCH] Resume list page 8 retrieved
2026-08-15 17:51:23,275 - INFO - [FETCH-STORE] Page 8: 14 new IDs stored, 0 duplicates skipped
2026-08-15 17:51:30,538 - INFO - [DETAIL] S3 URL extracted for 67ec26591e16365d03531572
2026-08-15 17:51:31,453 - INFO - [DOWNLOAD] Success: Tayong_Agile_Coach_pawCNn_IyLyf1.docx (32709 bytes) from S3
2026-08-15 17:51:31,453 - INFO - [RESUME-SKIP] Marked 67ec26591e16365d03531572 as downloaded
2026-08-15 17:51:31,453 - INFO - [S3-RECOVERY] Stored S3 URL for 67ec26591e16365d03531572
2026-08-15 17:51:31,453 - INFO - [BULLETPROOF] Success on attempt 1
2026-08-15 17:51:31,454 - INFO - [PARALLEL-DOWNLOAD] Successfully downloaded 67ec26591e16365d03531572
2026-08-15 17:51:37,416 - INFO - [FETCH] Resume list page 9 retrieved
2026-08-15 17:51:37,417 - INFO - [FETCH-STORE] Page 9: 15 new IDs stored, 0 duplicates skipped
2026-08-15 17:51:41,463 - INFO - [BULLETPROOF] Attempt 1/5
2026-08-15 17:51:45,425 - INFO - [FETCH] Resume list page 10 retrieved
2026-08-15 17:51:45,426 - INFO - [FETCH-STORE] Page 10: 15 new IDs stored, 0 duplicates skipped
2026-08-15 17:51:52,729 - INFO - [DETAIL] S3 URL extracted for 67ec24b00ca4171d13757b52
2026-08-15 17:51:53,627 - INFO - [DOWNLOAD] Success: Sean_Walker_6DHDGn_PZztde.docx (15582 bytes) from S3
2026-08-15 17:51:53,628 - INFO - [RESUME-SKIP] Marked 67ec24b00ca4171d13757b52 as downloaded
2026-08-15 17:51:53,628 - INFO - [S3-RECOVERY] Stored S3 URL for 67ec24b00ca4171d13757b52
2026-08-15 17:51:53,628 - INFO - [BULLETPROOF] Success on attempt 1
2026-08-15 17:51:53,628 - INFO - [PARALLEL-DOWNLOAD] Successfully downloaded 67ec24b00ca4171d13757b52
2026-08-15 17:51:59,676 - INFO - [FETCH] Resume list page 11 retrieved
2026-08-15 17:51:59,677 - INFO - [FETCH-STORE] Page 11: 15 new IDs stored, 0 duplicates skipped
2026-08-15 17:52:03,643 - INFO - [BULLETPROOF] Attempt 1/5
2026-08-15 17:52:07,624 - INFO - [FETCH] Resume list page 12 retrieved
2026-08-15 17:52:07,625 - INFO - [FETCH-STORE] Page 12: 14 new IDs stored, 0 duplicates skipped
2026-08-15 17:52:14,928 - INFO - [DETAIL] S3 URL extracted for 67ec198e4b9114423e292153
2026-08-15 17:52:15,791 - INFO - [DOWNLOAD] Success: Norman_Beekman_BbNmhN_qcSajX.docx (16580 bytes) from S3
2026-08-15 17:52:15,791 - INFO - [RESUME-SKIP] Marked 67ec198e4b9114423e292153 as downloaded
2026-08-15 17:52:15,791 - INFO - [S3-RECOVERY] Stored S3 URL for 67ec198e4b9114423e292153
2026-08-15 17:52:15,792 - INFO - [BULLETPROOF] Success on attempt 1
2026-08-15 17:52:15,792 - INFO - [PARALLEL-DOWNLOAD] Successfully downloaded 67ec198e4b9114423e292153
2026-08-15 17:52:21,889 - INFO - [FETCH] Resume list page 13 retrieved
2026-08-15 17:52:21,890 - INFO - [FETCH-STORE] Page 13: 15 new IDs stored, 0 duplicates skipped
2026-08-15 17:52:25,802 - INFO - [BULLETPROOF] Attempt 1/5
2026-08-15 17:52:29,815 - INFO - [FETCH] Resume list page 14 retrieved
2026-08-15 17:52:29,816 - INFO - [FETCH-STORE] Page 14: 14 new IDs stored, 0 duplicates skipped
2026-08-15 17:52:37,118 - INFO - [DETAIL] S3 URL extracted for 67ec12d2419d8a7d0a6bc662
2026-08-15 17:52:37,787 - INFO - [DOWNLOAD] Success: Kevin_Chetty_Resume_paOdcE_DABfk1.docx (13508 bytes) from S3
2026-08-15 17:52:37,788 - INFO - [RESUME-SKIP] Marked 67ec12d2419d8a7d0a6bc662 as downloaded
2026-08-15 17:52:37,788 - INFO - [S3-RECOVERY] Stored S3 URL for 67ec12d2419d8a7d0a6bc662
2026-08-15 17:52:37,788 - INFO - [BULLETPROOF] Success on attempt 1
2026-08-15 17:52:37,788 - INFO - [PARALLEL-DOWNLOAD] Successfully downloaded 67ec12d2419d8a7d0a6bc662
2026-08-15 17:52:44,104 - INFO - [FETCH] Resume list page 15 retrieved
2026-08-15 17:52:44,105 - INFO - [FETCH-STORE] Page 15: 15 new IDs stored, 0 duplicates skipped
2026-08-15 17:52:47,798 - INFO - [BULLETPROOF] Attempt 1/5
2026-08-15 17:52:52,069 - INFO - [FETCH] Resume list page 16 retrieved
2026-08-15 17:52:52,070 - INFO - [FETCH-STORE] Page 16: 15 new IDs stored, 0 duplicates skipped
2026-08-15 17:52:59,322 - INFO - [DETAIL] S3 URL extracted for 67ec0f6852d94274c3264952
2026-08-15 17:53:00,209 - INFO - [DOWNLOAD] Success: Jigar_Desai_GIxJfQ_3iam4n.doc (37745 bytes) from S3
2026-08-15 17:53:00,210 - INFO - [RESUME-SKIP] Marked 67ec0f6852d94274c3264952 as downloaded
2026-08-15 17:53:00,210 - INFO - [S3-RECOVERY] Stored S3 URL for 67ec0f6852d94274c3264952
2026-08-15 17:53:00,210 - INFO - [BULLETPROOF] Success on attempt 1
2026-08-15 17:53:00,210 - INFO - [PARALLEL-DOWNLOAD] Successfully downloaded 67ec0f6852d94274c3264952
2026-08-15 17:53:06,171 - INFO - [FETCH] Resume list page 17 retrieved
2026-08-15 17:53:06,172 - INFO - [FETCH-STORE] Page 17: 14 new IDs stored, 0 duplicates skipped
2026-08-15 17:53:10,220 - INFO - [BULLETPROOF] Attempt 1/5
2026-08-15 17:53:14,120 - INFO - [FETCH] Resume list page 18 retrieved
2026-08-15 17:53:14,121 - INFO - [FETCH-STORE] Page 18: 15 new IDs stored, 0 duplicates skipped
2026-08-15 17:53:21,347 - INFO - [DETAIL] S3 URL extracted for 67ec0c4b583231479d46a5a5
2026-08-15 17:53:22,228 - INFO - [DOWNLOAD] Success: Felix_Rivas_Resume_Oracle_plsql_Developer_34Pl9a_ee3fGO.docx (27386 bytes) from S3
2026-08-15 17:53:22,228 - INFO - [RESUME-SKIP] Marked 67ec0c4b583231479d46a5a5 as downloaded
2026-08-15 17:53:22,228 - INFO - [S3-RECOVERY] Stored S3 URL for 67ec0c4b583231479d46a5a5
2026-08-15 17:53:22,228 - INFO - [BULLETPROOF] Success on attempt 1
2026-08-15 17:53:22,228 - INFO - [PARALLEL-DOWNLOAD] Successfully downloaded 67ec0c4b583231479d46a5a5
2026-08-15 17:53:28,262 - INFO - [FETCH] Resume list page 19 retrieved
2026-08-15 17:53:28,263 - INFO - [FETCH-STORE] Page 19: 15 new IDs stored, 0 duplicates skipped
2026-08-15 17:53:32,238 - INFO - [BULLETPROOF] Attempt 1/5
2026-08-15 17:53:36,098 - INFO - [FETCH] Resume list page 20 retrieved
2026-08-15 17:53:36,099 - INFO - [FETCH-STORE] Page 20: 14 new IDs stored, 0 duplicates skipped
2026-08-15 17:53:43,384 - INFO - [DETAIL] S3 URL extracted for 67ec010463e6b450da12acc6
2026-08-15 17:53:44,264 - INFO - [DOWNLOAD] Success: 021725_Ahmed_Sohail_uuq1FM_CFBMiX.docx (22976 bytes) from S3
2026-08-15 17:53:44,264 - INFO - [RESUME-SKIP] Marked 67ec010463e6b450da12acc6 as downloaded
2026-08-15 17:53:44,265 - INFO - [S3-RECOVERY] Stored S3 URL for 67ec010463e6b450da12acc6
2026-08-15 17:53:44,265 - INFO - [BULLETPROOF] Success on attempt 1
2026-08-15 17:53:44,265 - INFO - [PARALLEL-DOWNLOAD] Successfully downloaded 67ec010463e6b450da12acc6
2026-08-15 17:53:50,207 - INFO - [FETCH] Resume list page 21 retrieved
2026-08-15 17:53:50,208 - INFO - [FETCH-STORE] Page 21: 13 new IDs stored, 0 duplicates skipped
2026-08-15 17:53:54,275 - INFO - [BULLETPROOF] Attempt 1/5
2026-08-15 17:53:58,216 - INFO - [FETCH] Resume list page 22 retrieved
2026-08-15 17:53:58,216 - INFO - [FETCH-STORE] Page 22: 15 new IDs stored, 0 duplicates skipped
2026-08-15 17:54:05,473 - INFO - [DETAIL] S3 URL extracted for 682f806cb859824ae70afb02
2026-08-15 17:54:06,818 - INFO - [DOWNLOAD] Success: MukeshKappala_AWSDevOpsEngineer_Resume_TtittF_eZ8w1a.pdf (125649 bytes) from S3
2026-08-15 17:54:06,819 - INFO - [RESUME-SKIP] Marked 682f806cb859824ae70afb02 as downloaded
2026-08-15 17:54:06,819 - INFO - [S3-RECOVERY] Stored S3 URL for 682f806cb859824ae70afb02
2026-08-15 17:54:06,819 - INFO - [BULLETPROOF] Success on attempt 1
2026-08-15 17:54:06,819 - INFO - [PARALLEL-DOWNLOAD] Successfully downloaded 682f806cb859824ae70afb02
2026-08-15 17:54:12,625 - INFO - [FETCH] Resume list page 23 retrieved
2026-08-15 17:54:12,625 - INFO - [FETCH-STORE] Page 23: 14 new IDs stored, 0 duplicates skipped
2026-08-15 17:54:16,829 - INFO - [BULLETPROOF] Attempt 1/5
2026-08-15 17:54:20,671 - INFO - [FETCH] Resume list page 24 retrieved
2026-08-15 17:54:20,672 - INFO - [FETCH-STORE] Page 24: 15 new IDs stored, 0 duplicates skipped
2026-08-15 17:54:27,908 - INFO - [DETAIL] S3 URL extracted for 6644cd92bd83213c64045d06
2026-08-15 17:54:29,386 - INFO - [DOWNLOAD] Success: Zeenat_P_Analyst_docx_bQRLyl_cmtDaY.pdf (517685 bytes) from S3
2026-08-15 17:54:29,386 - INFO - [RESUME-SKIP] Marked 6644cd92bd83213c64045d06 as downloaded
2026-08-15 17:54:29,386 - INFO - [S3-RECOVERY] Stored S3 URL for 6644cd92bd83213c64045d06
2026-08-15 17:54:29,387 - INFO - [BULLETPROOF] Success on attempt 1
2026-08-15 17:54:29,387 - INFO - [PARALLEL-DOWNLOAD] Successfully downloaded 6644cd92bd83213c64045d06
2026-08-15 17:54:34,836 - INFO - [FETCH] Resume list page 25 retrieved
2026-08-15 17:54:34,836 - INFO - [FETCH-STORE] Page 25: 15 new IDs stored, 0 duplicates skipped
2026-08-15 17:54:39,397 - INFO - [BULLETPROOF] Attempt 1/5
2026-08-15 17:54:42,872 - INFO - [FETCH] Resume list page 26 retrieved
2026-08-15 17:54:42,873 - INFO - [FETCH-STORE] Page 26: 14 new IDs stored, 0 duplicates skipped
2026-08-15 17:54:50,028 - INFO - [DETAIL] S3 URL extracted for 6644ccb34b7f7801ff122c52
2026-08-15 17:54:51,385 - INFO - [DOWNLOAD] Success: VinothkumarPeriyasamyResumeUpdated_1_docx_AO8by7_jH3MZU.pdf (182895 bytes) from S3
2026-08-15 17:54:51,385 - INFO - [RESUME-SKIP] Marked 6644ccb34b7f7801ff122c52 as downloaded
2026-08-15 17:54:51,386 - INFO - [S3-RECOVERY] Stored S3 URL for 6644ccb34b7f7801ff122c52
2026-08-15 17:54:51,386 - INFO - [BULLETPROOF] Success on attempt 1
2026-08-15 17:54:51,386 - INFO - [PARALLEL-DOWNLOAD] Successfully downloaded 6644ccb34b7f7801ff122c52
2026-08-15 17:54:56,977 - INFO - [FETCH] Resume list page 27 retrieved
2026-08-15 17:54:56,978 - INFO - [FETCH-STORE] Page 27: 15 new IDs stored, 0 duplicates skipped
2026-08-15 17:55:01,396 - INFO - [BULLETPROOF] Attempt 1/5
2026-08-15 17:55:04,975 - INFO - [FETCH] Resume list page 28 retrieved
2026-08-15 17:55:04,976 - INFO - [FETCH-STORE] Page 28: 14 new IDs stored, 0 duplicates skipped
2026-08-15 17:55:10,161 - INFO - [DETAIL] S3 URL extracted for 6644cb9dfbd6ba7554473256
2026-08-15 17:55:11,691 - INFO - [DOWNLOAD] Success: Vimal_Project_Manager_PMP_docx_AvbZxY_Gpc1Of.pdf (336296 bytes) from S3
2026-08-15 17:55:11,691 - INFO - [RESUME-SKIP] Marked 6644cb9dfbd6ba7554473256 as downloaded
2026-08-15 17:55:11,691 - INFO - [S3-RECOVERY] Stored S3 URL for 6644cb9dfbd6ba7554473256
2026-08-15 17:55:11,692 - INFO - [BULLETPROOF] Success on attempt 1
2026-08-15 17:55:11,692 - INFO - [PARALLEL-DOWNLOAD] Successfully downloaded 6644cb9dfbd6ba7554473256
2026-08-15 17:55:12,999 - INFO - [FETCH] Resume list page 29 retrieved
2026-08-15 17:55:13,000 - INFO - [FETCH-STORE] Page 29: 14 new IDs stored, 0 duplicates skipped
2026-08-15 17:55:20,986 - INFO - [FETCH] Resume list page 30 retrieved
2026-08-15 17:55:20,987 - INFO - [FETCH-STORE] Page 30: 13 new IDs stored, 0 duplicates skipped
2026-08-15 17:55:21,702 - INFO - [BULLETPROOF] Attempt 1/5
2026-08-15 17:55:29,011 - INFO - [FETCH] Resume list page 31 retrieved
2026-08-15 17:55:29,012 - INFO - [FETCH-STORE] Page 31: 15 new IDs stored, 0 duplicates skipped
2026-08-15 17:55:36,282 - INFO - [DETAIL] S3 URL extracted for 6644ca7aff1cdb5ab20077f4
2026-08-15 17:55:37,592 - INFO - [DOWNLOAD] Success: Vijay_Babu_Power_Bi_Resume_Copy_docx_4eeML6_T6IL6f.pdf (255714 bytes) from S3
2026-08-15 17:55:37,593 - INFO - [RESUME-SKIP] Marked 6644ca7aff1cdb5ab20077f4 as downloaded
2026-08-15 17:55:37,593 - INFO - [S3-RECOVERY] Stored S3 URL for 6644ca7aff1cdb5ab20077f4
2026-08-15 17:55:37,593 - INFO - [BULLETPROOF] Success on attempt 1
2026-08-15 17:55:37,594 - INFO - [PARALLEL-DOWNLOAD] Successfully downloaded 6644ca7aff1cdb5ab20077f4
2026-08-15 17:55:43,086 - INFO - [FETCH] Resume list page 32 retrieved
2026-08-15 17:55:43,087 - INFO - [FETCH-STORE] Page 32: 14 new IDs stored, 0 duplicates skipped
2026-08-15 17:55:47,604 - INFO - [BULLETPROOF] Attempt 1/5
2026-08-15 17:55:51,116 - INFO - [FETCH] Resume list page 33 retrieved
2026-08-15 17:55:51,117 - INFO - [FETCH-STORE] Page 33: 14 new IDs stored, 0 duplicates skipped
2026-08-15 17:55:58,382 - INFO - [DETAIL] S3 URL extracted for 6644c943cca9e35dc111a3d4
2026-08-15 17:55:59,540 - INFO - [DOWNLOAD] Success: Srinivas_NET_Resume_Latest_docx_VAqWPX_YRaxBI.pdf (123979 bytes) from S3
2026-08-15 17:55:59,540 - INFO - [RESUME-SKIP] Marked 6644c943cca9e35dc111a3d4 as downloaded
2026-08-15 17:55:59,541 - INFO - [S3-RECOVERY] Stored S3 URL for 6644c943cca9e35dc111a3d4
2026-08-15 17:55:59,541 - INFO - [BULLETPROOF] Success on attempt 1
2026-08-15 17:55:59,541 - INFO - [PARALLEL-DOWNLOAD] Successfully downloaded 6644c943cca9e35dc111a3d4
2026-08-15 17:56:05,318 - INFO - [FETCH] Resume list page 34 retrieved
2026-08-15 17:56:05,319 - INFO - [FETCH-STORE] Page 34: 14 new IDs stored, 0 duplicates skipped
2026-08-15 17:56:09,551 - INFO - [BULLETPROOF] Attempt 1/5
2026-08-15 17:56:13,314 - INFO - [FETCH] Resume list page 35 retrieved
2026-08-15 17:56:13,315 - INFO - [FETCH-STORE] Page 35: 15 new IDs stored, 0 duplicates skipped
2026-08-15 17:56:20,534 - INFO - [DETAIL] S3 URL extracted for 6644c736cca9e35dc111a3d2
2026-08-15 17:56:22,031 - INFO - [DOWNLOAD] Success: Shankar_sampangi_SAP_ABAP_docx_jgpZes_TWATLR.pdf (619617 bytes) from S3
2026-08-15 17:56:22,031 - INFO - [RESUME-SKIP] Marked 6644c736cca9e35dc111a3d2 as downloaded
2026-08-15 17:56:22,032 - INFO - [S3-RECOVERY] Stored S3 URL for 6644c736cca9e35dc111a3d2
2026-08-15 17:56:22,032 - INFO - [BULLETPROOF] Success on attempt 1
2026-08-15 17:56:22,032 - INFO - [PARALLEL-DOWNLOAD] Successfully downloaded 6644c736cca9e35dc111a3d2
2026-08-15 17:56:27,331 - INFO - [FETCH] Resume list page 36 retrieved
2026-08-15 17:56:27,332 - INFO - [FETCH-STORE] Page 36: 15 new IDs stored, 0 duplicates skipped
2026-08-15 17:56:32,043 - INFO - [BULLETPROOF] Attempt 1/5
2026-08-15 17:56:35,248 - INFO - [FETCH] Resume list page 37 retrieved
2026-08-15 17:56:35,249 - INFO - [FETCH-STORE] Page 37: 15 new IDs stored, 0 duplicates skipped
2026-08-15 17:56:42,585 - INFO - [DETAIL] S3 URL extracted for 6644c5c3203a982daa6f36e2
2026-08-15 17:56:43,937 - INFO - [DOWNLOAD] Success: SathishKumarRamaraj_PM_docx_OX888X_edu8Le.pdf (169008 bytes) from S3
2026-08-15 17:56:43,937 - INFO - [RESUME-SKIP] Marked 6644c5c3203a982daa6f36e2 as downloaded
2026-08-15 17:56:43,937 - INFO - [S3-RECOVERY] Stored S3 URL for 6644c5c3203a982daa6f36e2
2026-08-15 17:56:43,938 - INFO - [BULLETPROOF] Success on attempt 1
2026-08-15 17:56:43,938 - INFO - [PARALLEL-DOWNLOAD] Successfully downloaded 6644c5c3203a982daa6f36e2
2026-08-15 17:56:49,571 - INFO - [FETCH] Resume list page 38 retrieved
2026-08-15 17:56:49,571 - INFO - [FETCH-STORE] Page 38: 15 new IDs stored, 0 duplicates skipped
2026-08-15 17:56:53,948 - INFO - [BULLETPROOF] Attempt 1/5
2026-08-15 17:56:57,741 - INFO - [FETCH] Resume list page 39 retrieved
2026-08-15 17:56:57,742 - INFO - [FETCH-STORE] Page 39: 15 new IDs stored, 0 duplicates skipped
2026-08-15 17:57:04,956 - INFO - [DETAIL] S3 URL extracted for 6644c26a445c074412007797
2026-08-15 17:57:06,803 - INFO - [DOWNLOAD] Success: Ramesh_Data_Engineer_ETL_DWH_Architect_docx_fL0WJo_SRQKpr.pdf (398629 bytes) from S3
2026-08-15 17:57:06,803 - INFO - [RESUME-SKIP] Marked 6644c26a445c074412007797 as downloaded
2026-08-15 17:57:06,804 - INFO - [S3-RECOVERY] Stored S3 URL for 6644c26a445c074412007797
2026-08-15 17:57:06,804 - INFO - [BULLETPROOF] Success on attempt 1
2026-08-15 17:57:06,804 - INFO - [PARALLEL-DOWNLOAD] Successfully downloaded 6644c26a445c074412007797
2026-08-15 17:57:11,810 - INFO - [FETCH] Resume list page 40 retrieved
2026-08-15 17:57:11,811 - INFO - [FETCH-STORE] Page 40: 14 new IDs stored, 0 duplicates skipped
2026-08-15 17:57:16,814 - INFO - [BULLETPROOF] Attempt 1/5
2026-08-15 17:57:20,017 - INFO - [FETCH] Resume list page 41 retrieved
2026-08-15 17:57:20,018 - INFO - [FETCH-STORE] Page 41: 13 new IDs stored, 0 duplicates skipped
2026-08-15 17:57:27,307 - INFO - [DETAIL] S3 URL extracted for 6644c162e97d9d358c12d553
2026-08-15 17:57:28,974 - INFO - [DOWNLOAD] Success: Rajesh_PHP_Drupal_Developer_docx_Il2lF8_5NIbMb.pdf (331822 bytes) from S3
2026-08-15 17:57:28,975 - INFO - [RESUME-SKIP] Marked 6644c162e97d9d358c12d553 as downloaded
2026-08-15 17:57:28,975 - INFO - [S3-RECOVERY] Stored S3 URL for 6644c162e97d9d358c12d553
2026-08-15 17:57:28,975 - INFO - [BULLETPROOF] Success on attempt 1
2026-08-15 17:57:28,975 - INFO - [PARALLEL-DOWNLOAD] Successfully downloaded 6644c162e97d9d358c12d553
2026-08-15 17:57:34,297 - INFO - [FETCH] Resume list page 42 retrieved
2026-08-15 17:57:34,297 - INFO - [FETCH-STORE] Page 42: 14 new IDs stored, 0 duplicates skipped
2026-08-15 17:57:38,985 - INFO - [BULLETPROOF] Attempt 1/5
2026-08-15 17:57:42,526 - INFO - [FETCH] Resume list page 43 retrieved
2026-08-15 17:57:42,526 - INFO - [FETCH-STORE] Page 43: 14 new IDs stored, 0 duplicates skipped
2026-08-15 17:57:49,700 - INFO - [DETAIL] S3 URL extracted for 6644c05ec1ecdf75ea22b83b
2026-08-15 17:57:51,246 - INFO - [DOWNLOAD] Success: Prateek_Tableau_Developer_docx_xGtfCO_XzHYvV.pdf (181789 bytes) from S3
2026-08-15 17:57:51,246 - INFO - [RESUME-SKIP] Marked 6644c05ec1ecdf75ea22b83b as downloaded
2026-08-15 17:57:51,246 - INFO - [S3-RECOVERY] Stored S3 URL for 6644c05ec1ecdf75ea22b83b
2026-08-15 17:57:51,247 - INFO - [BULLETPROOF] Success on attempt 1
2026-08-15 17:57:51,247 - INFO - [PARALLEL-DOWNLOAD] Successfully downloaded 6644c05ec1ecdf75ea22b83b
2026-08-15 17:57:56,714 - INFO - [FETCH] Resume list page 44 retrieved
2026-08-15 17:57:56,715 - INFO - [FETCH-STORE] Page 44: 15 new IDs stored, 0 duplicates skipped
2026-08-15 17:58:01,257 - INFO - [BULLETPROOF] Attempt 1/5
2026-08-15 17:58:05,059 - INFO - [FETCH] Resume list page 45 retrieved
2026-08-15 17:58:05,060 - INFO - [FETCH-STORE] Page 45: 15 new IDs stored, 0 duplicates skipped
2026-08-15 17:58:12,229 - INFO - [DETAIL] S3 URL extracted for 6644bea7b9ddc864f13de94a
2026-08-15 17:58:14,073 - INFO - [DOWNLOAD] Success: Praneeth_Sr_DevOps_Engineer_1_docx_06sKZg_TGro1J.pdf (486053 bytes) from S3
2026-08-15 17:58:14,073 - INFO - [RESUME-SKIP] Marked 6644bea7b9ddc864f13de94a as downloaded
2026-08-15 17:58:14,074 - INFO - [S3-RECOVERY] Stored S3 URL for 6644bea7b9ddc864f13de94a
2026-08-15 17:58:14,074 - INFO - [BULLETPROOF] Success on attempt 1
2026-08-15 17:58:14,074 - INFO - [PARALLEL-DOWNLOAD] Successfully downloaded 6644bea7b9ddc864f13de94a
2026-08-15 17:58:19,192 - INFO - [FETCH] Resume list page 46 retrieved
2026-08-15 17:58:19,193 - INFO - [FETCH-STORE] Page 46: 14 new IDs stored, 0 duplicates skipped
2026-08-15 17:58:24,084 - INFO - [BULLETPROOF] Attempt 1/5
2026-08-15 17:58:27,369 - INFO - [FETCH] Resume list page 47 retrieved
2026-08-15 17:58:27,369 - INFO - [FETCH-STORE] Page 47: 15 new IDs stored, 0 duplicates skipped
2026-08-15 17:58:34,619 - INFO - [DETAIL] S3 URL extracted for 6644bdad081d2b244e27cad3
2026-08-15 17:58:36,403 - INFO - [DOWNLOAD] Success: Phani_Kumar_Majeti_Scrum_Master_1_docx_tneyKe_XcXCLH.pdf (472128 bytes) from S3
2026-08-15 17:58:36,404 - INFO - [RESUME-SKIP] Marked 6644bdad081d2b244e27cad3 as downloaded
2026-08-15 17:58:36,404 - INFO - [S3-RECOVERY] Stored S3 URL for 6644bdad081d2b244e27cad3
2026-08-15 17:58:36,404 - INFO - [BULLETPROOF] Success on attempt 1
2026-08-15 17:58:36,404 - INFO - [PARALLEL-DOWNLOAD] Successfully downloaded 6644bdad081d2b244e27cad3
2026-08-15 17:58:41,617 - INFO - [FETCH] Resume list page 48 retrieved
2026-08-15 17:58:41,618 - INFO - [FETCH-STORE] Page 48: 14 new IDs stored, 0 duplicates skipped
2026-08-15 17:58:46,414 - INFO - [BULLETPROOF] Attempt 1/5
2026-08-15 17:58:49,877 - INFO - [FETCH] Resume list page 49 retrieved
2026-08-15 17:58:49,877 - INFO - [FETCH-STORE] Page 49: 15 new IDs stored, 0 duplicates skipped
2026-08-15 17:58:57,007 - INFO - [DETAIL] S3 URL extracted for 6644bceb78fc256cba172924
2026-08-15 17:58:58,349 - INFO - [DOWNLOAD] Success: Nivetha_Java_Full_Stack_Developer_docx_yB8CL0_Acr94Q.pdf (115194 bytes) from S3
2026-08-15 17:58:58,349 - INFO - [RESUME-SKIP] Marked 6644bceb78fc256cba172924 as downloaded
2026-08-15 17:58:58,349 - INFO - [S3-RECOVERY] Stored S3 URL for 6644bceb78fc256cba172924
2026-08-15 17:58:58,349 - INFO - [BULLETPROOF] Success on attempt 1
2026-08-15 17:58:58,350 - INFO - [PARALLEL-DOWNLOAD] Successfully downloaded 6644bceb78fc256cba172924
2026-08-15 17:59:03,900 - INFO - [FETCH] Resume list page 50 retrieved
2026-08-15 17:59:03,901 - INFO - [FETCH-STORE] Page 50: 14 new IDs stored, 0 duplicates skipped
2026-08-15 17:59:08,360 - INFO - [BULLETPROOF] Attempt 1/5
2026-08-15 17:59:12,084 - INFO - [FETCH] Resume list page 51 retrieved
2026-08-15 17:59:12,084 - INFO - [FETCH-STORE] Page 51: 15 new IDs stored, 0 duplicates skipped
2026-08-15 17:59:19,265 - INFO - [DETAIL] S3 URL extracted for 6644bad886e89614535dcee2
2026-08-15 17:59:21,336 - INFO - [DOWNLOAD] Success: Nitin_Kumar_Oracle_1_1_docx_5geX3w_sCKYnH.pdf (939238 bytes) from S3
2026-08-15 17:59:21,336 - INFO - [RESUME-SKIP] Marked 6644bad886e89614535dcee2 as downloaded
2026-08-15 17:59:21,336 - INFO - [S3-RECOVERY] Stored S3 URL for 6644bad886e89614535dcee2
2026-08-15 17:59:21,337 - INFO - [BULLETPROOF] Success on attempt 1
2026-08-15 17:59:21,337 - INFO - [PARALLEL-DOWNLOAD] Successfully downloaded 6644bad886e89614535dcee2
2026-08-15 17:59:26,276 - INFO - [FETCH] Resume list page 52 retrieved
2026-08-15 17:59:26,277 - INFO - [FETCH-STORE] Page 52: 14 new IDs stored, 0 duplicates skipped
2026-08-15 17:59:31,347 - INFO - [BULLETPROOF] Attempt 1/5
2026-08-15 17:59:34,541 - INFO - [FETCH] Resume list page 53 retrieved
2026-08-15 17:59:34,542 - INFO - [FETCH-STORE] Page 53: 13 new IDs stored, 0 duplicates skipped
2026-08-15 17:59:41,694 - INFO - [DETAIL] S3 URL extracted for 6644b8d6f6e4020a3f74fc53
2026-08-15 17:59:43,571 - INFO - [DOWNLOAD] Success: Mohit_Shah_Business_Analysis_docx_JmdRiI_tUqL3V.pdf (482537 bytes) from S3
2026-08-15 17:59:43,571 - INFO - [RESUME-SKIP] Marked 6644b8d6f6e4020a3f74fc53 as downloaded
2026-08-15 17:59:43,571 - INFO - [S3-RECOVERY] Stored S3 URL for 6644b8d6f6e4020a3f74fc53
2026-08-15 17:59:43,572 - INFO - [BULLETPROOF] Success on attempt 1
2026-08-15 17:59:43,572 - INFO - [PARALLEL-DOWNLOAD] Successfully downloaded 6644b8d6f6e4020a3f74fc53
2026-08-15 17:59:48,653 - INFO - [FETCH] Resume list page 54 retrieved
2026-08-15 17:59:48,654 - INFO - [FETCH-STORE] Page 54: 15 new IDs stored, 0 duplicates skipped
2026-08-15 17:59:53,582 - INFO - [BULLETPROOF] Attempt 1/5
2026-08-15 17:59:56,841 - INFO - [FETCH] Resume list page 55 retrieved
2026-08-15 17:59:56,842 - INFO - [FETCH-STORE] Page 55: 15 new IDs stored, 0 duplicates skipped
2026-08-15 18:00:03,973 - INFO - [DETAIL] S3 URL extracted for 6644b7724a5e7139ef7ff5f3
2026-08-15 18:00:05,781 - INFO - [DOWNLOAD] Success: Manasa_Kattupalli_Automation_docx_pVX96Y_9u7Kwm.pdf (331306 bytes) from S3
2026-08-15 18:00:05,782 - INFO - [RESUME-SKIP] Marked 6644b7724a5e7139ef7ff5f3 as downloaded
2026-08-15 18:00:05,782 - INFO - [S3-RECOVERY] Stored S3 URL for 6644b7724a5e7139ef7ff5f3
2026-08-15 18:00:05,782 - INFO - [BULLETPROOF] Success on attempt 1
2026-08-15 18:00:05,782 - INFO - [PARALLEL-DOWNLOAD] Successfully downloaded 6644b7724a5e7139ef7ff5f3
2026-08-15 18:00:10,937 - INFO - [FETCH] Resume list page 56 retrieved
2026-08-15 18:00:10,938 - INFO - [FETCH-STORE] Page 56: 13 new IDs stored, 0 duplicates skipped
2026-08-15 18:00:15,792 - INFO - [BULLETPROOF] Attempt 1/5
2026-08-15 18:00:19,140 - INFO - [FETCH] Resume list page 57 retrieved
2026-08-15 18:00:19,141 - INFO - [FETCH-STORE] Page 57: 15 new IDs stored, 0 duplicates skipped
2026-08-15 18:00:26,333 - INFO - [DETAIL] S3 URL extracted for 6644b5ed109d2d5e3f656ebd
2026-08-15 18:00:27,928 - INFO - [DOWNLOAD] Success: Mahesh_SAP_BW_BPC_SAC_docx_5CIdRv_Y1cPou.pdf (133487 bytes) from S3
2026-08-15 18:00:27,928 - INFO - [RESUME-SKIP] Marked 6644b5ed109d2d5e3f656ebd as downloaded
2026-08-15 18:00:27,929 - INFO - [S3-RECOVERY] Stored S3 URL for 6644b5ed109d2d5e3f656ebd
2026-08-15 18:00:27,929 - INFO - [BULLETPROOF] Success on attempt 1
2026-08-15 18:00:27,929 - INFO - [PARALLEL-DOWNLOAD] Successfully downloaded 6644b5ed109d2d5e3f656ebd
2026-08-15 18:00:33,271 - INFO - [FETCH] Resume list page 58 retrieved
2026-08-15 18:00:33,272 - INFO - [FETCH-STORE] Page 58: 15 new IDs stored, 0 duplicates skipped
2026-08-15 18:00:37,939 - INFO - [BULLETPROOF] Attempt 1/5
2026-08-15 18:00:41,512 - INFO - [FETCH] Resume list page 59 retrieved
2026-08-15 18:00:41,513 - INFO - [FETCH-STORE] Page 59: 13 new IDs stored, 0 duplicates skipped
2026-08-15 18:00:48,775 - INFO - [DETAIL] S3 URL extracted for 6643d34b49494e54f1271786
2026-08-15 18:00:50,649 - INFO - [DOWNLOAD] Success: Kesava_Rao_FullStack_Resume_docx_1MIgUi_aXdcOL.pdf (257655 bytes) from S3
2026-08-15 18:00:50,649 - INFO - [RESUME-SKIP] Marked 6643d34b49494e54f1271786 as downloaded
2026-08-15 18:00:50,650 - INFO - [S3-RECOVERY] Stored S3 URL for 6643d34b49494e54f1271786
2026-08-15 18:00:50,650 - INFO - [BULLETPROOF] Success on attempt 1
2026-08-15 18:00:50,650 - INFO - [PARALLEL-DOWNLOAD] Successfully downloaded 6643d34b49494e54f1271786
2026-08-15 18:00:55,864 - INFO - [FETCH] Resume list page 60 retrieved
2026-08-15 18:00:55,864 - INFO - [FETCH-STORE] Page 60: 15 new IDs stored, 0 duplicates skipped
2026-08-15 18:01:00,661 - INFO - [BULLETPROOF] Attempt 1/5
2026-08-15 18:01:04,180 - INFO - [FETCH] Resume list page 61 retrieved
2026-08-15 18:01:04,180 - INFO - [FETCH-STORE] Page 61: 14 new IDs stored, 0 duplicates skipped
2026-08-15 18:01:11,373 - INFO - [DETAIL] S3 URL extracted for 6643d206f1bb316d8c23e897
2026-08-15 18:01:13,212 - INFO - [DOWNLOAD] Success: Karthik_Nagavelly_AWS_Devops_Resume_1_docx_wLzAGU_Kc9tqG.pdf (326262 bytes) from S3
2026-08-15 18:01:13,212 - INFO - [RESUME-SKIP] Marked 6643d206f1bb316d8c23e897 as downloaded
2026-08-15 18:01:13,213 - INFO - [S3-RECOVERY] Stored S3 URL for 6643d206f1bb316d8c23e897
2026-08-15 18:01:13,213 - INFO - [BULLETPROOF] Success on attempt 1
2026-08-15 18:01:13,213 - INFO - [PARALLEL-DOWNLOAD] Successfully downloaded 6643d206f1bb316d8c23e897
2026-08-15 18:01:18,405 - INFO - [FETCH] Resume list page 62 retrieved
2026-08-15 18:01:18,406 - INFO - [FETCH-STORE] Page 62: 15 new IDs stored, 0 duplicates skipped
2026-08-15 18:01:23,223 - INFO - [BULLETPROOF] Attempt 1/5
2026-08-15 18:01:26,683 - INFO - [FETCH] Resume list page 63 retrieved
2026-08-15 18:01:26,684 - INFO - [FETCH-STORE] Page 63: 14 new IDs stored, 0 duplicates skipped
2026-08-15 18:01:33,828 - INFO - [DETAIL] S3 URL extracted for 6643d0e9f53f1e2eba021da2
2026-08-15 18:01:36,223 - INFO - [DOWNLOAD] Success: Harish_PM_docx_1h1sZA_itNP2L.pdf (1029921 bytes) from S3
2026-08-15 18:01:36,223 - INFO - [RESUME-SKIP] Marked 6643d0e9f53f1e2eba021da2 as downloaded
2026-08-15 18:01:36,223 - INFO - [S3-RECOVERY] Stored S3 URL for 6643d0e9f53f1e2eba021da2
2026-08-15 18:01:36,224 - INFO - [BULLETPROOF] Success on attempt 1
2026-08-15 18:01:36,224 - INFO - [PARALLEL-DOWNLOAD] Successfully downloaded 6643d0e9f53f1e2eba021da2
2026-08-15 18:01:40,847 - INFO - [FETCH] Resume list page 64 retrieved
2026-08-15 18:01:40,848 - INFO - [FETCH-STORE] Page 64: 13 new IDs stored, 0 duplicates skipped
2026-08-15 18:01:46,234 - INFO - [BULLETPROOF] Attempt 1/5
2026-08-15 18:01:49,149 - INFO - [FETCH] Resume list page 65 retrieved
2026-08-15 18:01:49,150 - INFO - [FETCH-STORE] Page 65: 12 new IDs stored, 0 duplicates skipped
2026-08-15 18:01:56,371 - INFO - [DETAIL] S3 URL extracted for 6643cec053d44675c637e7f4
2026-08-15 18:01:58,143 - INFO - [DOWNLOAD] Success: BharaniP_Salesforce_1_docx_MNgYeo_4deMPU.pdf (323627 bytes) from S3
2026-08-15 18:01:58,143 - INFO - [RESUME-SKIP] Marked 6643cec053d44675c637e7f4 as downloaded
2026-08-15 18:01:58,144 - INFO - [S3-RECOVERY] Stored S3 URL for 6643cec053d44675c637e7f4
2026-08-15 18:01:58,144 - INFO - [BULLETPROOF] Success on attempt 1
2026-08-15 18:01:58,144 - INFO - [PARALLEL-DOWNLOAD] Successfully downloaded 6643cec053d44675c637e7f4
2026-08-15 18:02:03,348 - INFO - [FETCH] Resume list page 66 retrieved
2026-08-15 18:02:03,350 - INFO - [FETCH-STORE] Page 66: 15 new IDs stored, 0 duplicates skipped
2026-08-15 18:02:08,154 - INFO - [BULLETPROOF] Attempt 1/5
2026-08-15 18:02:11,600 - INFO - [FETCH] Resume list page 67 retrieved
2026-08-15 18:02:11,601 - INFO - [FETCH-STORE] Page 67: 15 new IDs stored, 0 duplicates skipped
2026-08-15 18:02:18,733 - INFO - [DETAIL] S3 URL extracted for 6643cd3e6ed12e10a92006b2
2026-08-15 18:02:20,363 - INFO - [DOWNLOAD] Success: Bhanu_Durgam_SDET_Resume_doc_lKUVv8_3r0LH5.pdf (180527 bytes) from S3
2026-08-15 18:02:20,364 - INFO - [RESUME-SKIP] Marked 6643cd3e6ed12e10a92006b2 as downloaded
2026-08-15 18:02:20,364 - INFO - [S3-RECOVERY] Stored S3 URL for 6643cd3e6ed12e10a92006b2
2026-08-15 18:02:20,364 - INFO - [BULLETPROOF] Success on attempt 1
2026-08-15 18:02:20,364 - INFO - [PARALLEL-DOWNLOAD] Successfully downloaded 6643cd3e6ed12e10a92006b2
2026-08-15 18:02:25,744 - INFO - [FETCH] Resume list page 68 retrieved
2026-08-15 18:02:25,744 - INFO - [FETCH-STORE] Page 68: 15 new IDs stored, 0 duplicates skipped
2026-08-15 18:02:30,374 - INFO - [BULLETPROOF] Attempt 1/5
2026-08-15 18:02:33,986 - INFO - [FETCH] Resume list page 69 retrieved
2026-08-15 18:02:33,987 - INFO - [FETCH-STORE] Page 69: 14 new IDs stored, 0 duplicates skipped
2026-08-15 18:02:41,237 - INFO - [DETAIL] S3 URL extracted for 6643bd42fe856d7bac55b3f6
2026-08-15 18:02:42,796 - INFO - [DOWNLOAD] Success: Vipin_SAP_MM_WM_P2P_2_docx_GzGyJu_z9SZOo.pdf (220057 bytes) from S3
2026-08-15 18:02:42,797 - INFO - [RESUME-SKIP] Marked 6643bd42fe856d7bac55b3f6 as downloaded
2026-08-15 18:02:42,797 - INFO - [S3-RECOVERY] Stored S3 URL for 6643bd42fe856d7bac55b3f6
2026-08-15 18:02:42,797 - INFO - [BULLETPROOF] Success on attempt 1
2026-08-15 18:02:42,798 - INFO - [PARALLEL-DOWNLOAD] Successfully downloaded 6643bd42fe856d7bac55b3f6
2026-08-15 18:02:48,092 - INFO - [FETCH] Resume list page 70 retrieved
2026-08-15 18:02:48,093 - INFO - [FETCH-STORE] Page 70: 14 new IDs stored, 0 duplicates skipped
2026-08-15 18:02:52,808 - INFO - [BULLETPROOF] Attempt 1/5
2026-08-15 18:02:56,359 - INFO - [FETCH] Resume list page 71 retrieved
2026-08-15 18:02:56,360 - INFO - [FETCH-STORE] Page 71: 13 new IDs stored, 0 duplicates skipped
2026-08-15 18:03:03,554 - INFO - [DETAIL] S3 URL extracted for 6643bc1b2c6b8467117f65f3
2026-08-15 18:03:05,091 - INFO - [DOWNLOAD] Success: Venkata_Gopi_Somaraju_Resume_1_docx_Z5S8YQ_ywtq3l.pdf (291854 bytes) from S3
2026-08-15 18:03:05,091 - INFO - [RESUME-SKIP] Marked 6643bc1b2c6b8467117f65f3 as downloaded
2026-08-15 18:03:05,092 - INFO - [S3-RECOVERY] Stored S3 URL for 6643bc1b2c6b8467117f65f3
2026-08-15 18:03:05,092 - INFO - [BULLETPROOF] Success on attempt 1
2026-08-15 18:03:05,092 - INFO - [PARALLEL-DOWNLOAD] Successfully downloaded 6643bc1b2c6b8467117f65f3
2026-08-15 18:03:10,526 - INFO - [FETCH] Resume list page 72 retrieved
2026-08-15 18:03:10,526 - INFO - [FETCH-STORE] Page 72: 14 new IDs stored, 0 duplicates skipped
2026-08-15 18:03:15,102 - INFO - [BULLETPROOF] Attempt 1/5
2026-08-15 18:03:18,703 - INFO - [FETCH] Resume list page 73 retrieved
2026-08-15 18:03:18,704 - INFO - [FETCH-STORE] Page 73: 14 new IDs stored, 0 duplicates skipped
2026-08-15 18:03:25,940 - INFO - [DETAIL] S3 URL extracted for 6643baeb0445d92f260c72e6
2026-08-15 18:03:27,526 - INFO - [DOWNLOAD] Success: SaiSindhura_Challa_1_D_docx_p1KZjR_tvgev0.pdf (247741 bytes) from S3
2026-08-15 18:03:27,527 - INFO - [RESUME-SKIP] Marked 6643baeb0445d92f260c72e6 as downloaded
2026-08-15 18:03:27,527 - INFO - [S3-RECOVERY] Stored S3 URL for 6643baeb0445d92f260c72e6
2026-08-15 18:03:27,527 - INFO - [BULLETPROOF] Success on attempt 1
2026-08-15 18:03:27,527 - INFO - [PARALLEL-DOWNLOAD] Successfully downloaded 6643baeb0445d92f260c72e6
2026-08-15 18:03:32,970 - INFO - [FETCH] Resume list page 74 retrieved
2026-08-15 18:03:32,971 - INFO - [FETCH-STORE] Page 74: 15 new IDs stored, 0 duplicates skipped
2026-08-15 18:03:37,537 - INFO - [BULLETPROOF] Attempt 1/5
2026-08-15 18:03:41,207 - INFO - [FETCH] Resume list page 75 retrieved
2026-08-15 18:03:41,208 - INFO - [FETCH-STORE] Page 75: 15 new IDs stored, 0 duplicates skipped
2026-08-15 18:03:48,490 - INFO - [DETAIL] S3 URL extracted for 6643b9eece4b9310145618b5
2026-08-15 18:03:50,119 - INFO - [DOWNLOAD] Success: Naga_Swetha_Data_Engineer_DBT_Snowflake_docx_pmWu2M_GmiR4x.pdf (235882 bytes) from S3
2026-08-15 18:03:50,121 - INFO - [RESUME-SKIP] Marked 6643b9eece4b9310145618b5 as downloaded
2026-08-15 18:03:50,121 - INFO - [S3-RECOVERY] Stored S3 URL for 6643b9eece4b9310145618b5
2026-08-15 18:03:50,121 - INFO - [BULLETPROOF] Success on attempt 1
2026-08-15 18:03:50,122 - INFO - [PARALLEL-DOWNLOAD] Successfully downloaded 6643b9eece4b9310145618b5
2026-08-15 18:03:55,405 - INFO - [FETCH] Resume list page 76 retrieved
2026-08-15 18:03:55,406 - INFO - [FETCH-STORE] Page 76: 15 new IDs stored, 0 duplicates skipped
2026-08-15 18:04:00,132 - INFO - [BULLETPROOF] Attempt 1/5
2026-08-15 18:04:03,708 - INFO - [FETCH] Resume list page 77 retrieved
2026-08-15 18:04:03,709 - INFO - [FETCH-STORE] Page 77: 15 new IDs stored, 0 duplicates skipped
2026-08-15 18:04:10,913 - INFO - [DETAIL] S3 URL extracted for 6643b92d8be4251f7a51b988
2026-08-15 18:04:12,343 - INFO - [DOWNLOAD] Success: Magendran_Sr_UI_UX_Designer_docx_vlMneO_nOZIbs.pdf (147571 bytes) from S3
2026-08-15 18:04:12,344 - INFO - [RESUME-SKIP] Marked 6643b92d8be4251f7a51b988 as downloaded
2026-08-15 18:04:12,344 - INFO - [S3-RECOVERY] Stored S3 URL for 6643b92d8be4251f7a51b988
2026-08-15 18:04:12,344 - INFO - [BULLETPROOF] Success on attempt 1
2026-08-15 18:04:12,344 - INFO - [PARALLEL-DOWNLOAD] Successfully downloaded 6643b92d8be4251f7a51b988
2026-08-15 18:04:17,958 - INFO - [FETCH] Resume list page 78 retrieved
2026-08-15 18:04:17,958 - INFO - [FETCH-STORE] Page 78: 15 new IDs stored, 0 duplicates skipped
2026-08-15 18:04:22,354 - INFO - [BULLETPROOF] Attempt 1/5
2026-08-15 18:04:26,123 - INFO - [FETCH] Resume list page 79 retrieved
2026-08-15 18:04:26,124 - INFO - [FETCH-STORE] Page 79: 15 new IDs stored, 0 duplicates skipped
2026-08-15 18:04:33,375 - INFO - [DETAIL] S3 URL extracted for 6643b81d6b9f542d4c3dd0d2
2026-08-15 18:04:34,942 - INFO - [DOWNLOAD] Success: Devaki_SAP_FICO_FICA_1_docx_Epm1th_oSQDiF.pdf (187490 bytes) from S3
2026-08-15 18:04:34,943 - INFO - [RESUME-SKIP] Marked 6643b81d6b9f542d4c3dd0d2 as downloaded
2026-08-15 18:04:34,943 - INFO - [S3-RECOVERY] Stored S3 URL for 6643b81d6b9f542d4c3dd0d2
2026-08-15 18:04:34,943 - INFO - [BULLETPROOF] Success on attempt 1
2026-08-15 18:04:34,943 - INFO - [PARALLEL-DOWNLOAD] Successfully downloaded 6643b81d6b9f542d4c3dd0d2
2026-08-15 18:04:40,322 - INFO - [FETCH] Resume list page 80 retrieved
2026-08-15 18:04:40,323 - INFO - [FETCH-STORE] Page 80: 14 new IDs stored, 0 duplicates skipped
2026-08-15 18:04:44,953 - INFO - [BULLETPROOF] Attempt 1/5
2026-08-15 18:04:48,606 - INFO - [FETCH] Resume list page 81 retrieved
2026-08-15 18:04:48,607 - INFO - [FETCH-STORE] Page 81: 15 new IDs stored, 0 duplicates skipped
2026-08-15 18:04:55,762 - INFO - [DETAIL] S3 URL extracted for 6643b6fd983d3e3a8c17c099
2026-08-15 18:04:57,378 - INFO - [DOWNLOAD] Success: Bhavya_B_Data_Engineer_1_1_D_docx_rCdD4x_U9FnCP.pdf (197595 bytes) from S3
2026-08-15 18:04:57,378 - INFO - [RESUME-SKIP] Marked 6643b6fd983d3e3a8c17c099 as downloaded
2026-08-15 18:04:57,378 - INFO - [S3-RECOVERY] Stored S3 URL for 6643b6fd983d3e3a8c17c099
2026-08-15 18:04:57,378 - INFO - [BULLETPROOF] Success on attempt 1
2026-08-15 18:04:57,379 - INFO - [PARALLEL-DOWNLOAD] Successfully downloaded 6643b6fd983d3e3a8c17c099
2026-08-15 18:05:02,688 - INFO - [FETCH] Resume list page 82 retrieved
2026-08-15 18:05:02,689 - INFO - [FETCH-STORE] Page 82: 15 new IDs stored, 0 duplicates skipped
2026-08-15 18:05:07,389 - INFO - [BULLETPROOF] Attempt 1/5
2026-08-15 18:05:10,949 - INFO - [FETCH] Resume list page 83 retrieved
2026-08-15 18:05:10,950 - INFO - [FETCH-STORE] Page 83: 14 new IDs stored, 0 duplicates skipped
2026-08-15 18:05:18,053 - INFO - [DETAIL] S3 URL extracted for 6643b4c67e19f0746f66bde2
2026-08-15 18:05:19,141 - INFO - [FETCH] Resume list page 84 retrieved
2026-08-15 18:05:19,142 - INFO - [FETCH-STORE] Page 84: 14 new IDs stored, 0 duplicates skipped
2026-08-15 18:05:19,608 - INFO - [DOWNLOAD] Success: Aishwarya_wkdy_docx_DEaZU4_XuDB8E.pdf (313012 bytes) from S3
2026-08-15 18:05:19,609 - INFO - [RESUME-SKIP] Marked 6643b4c67e19f0746f66bde2 as downloaded
2026-08-15 18:05:19,609 - INFO - [S3-RECOVERY] Stored S3 URL for 6643b4c67e19f0746f66bde2
2026-08-15 18:05:19,609 - INFO - [BULLETPROOF] Success on attempt 1
2026-08-15 18:05:19,609 - INFO - [PARALLEL-DOWNLOAD] Successfully downloaded 6643b4c67e19f0746f66bde2
2026-08-15 18:05:27,344 - INFO - [FETCH] Resume list page 85 retrieved
2026-08-15 18:05:27,345 - INFO - [FETCH-STORE] Page 85: 15 new IDs stored, 0 duplicates skipped
2026-08-15 18:05:29,619 - INFO - [BULLETPROOF] Attempt 1/5
2026-08-15 18:05:35,603 - INFO - [FETCH] Resume list page 86 retrieved
2026-08-15 18:05:35,604 - INFO - [FETCH-STORE] Page 86: 14 new IDs stored, 0 duplicates skipped
2026-08-15 18:05:42,753 - INFO - [DETAIL] S3 URL extracted for 6643b2c0fad53b63d02ce396
2026-08-15 18:05:44,378 - INFO - [DOWNLOAD] Success: Praveen_Lead_Java_Developer_docx_kbKKo5_dm5Uyj.pdf (175392 bytes) from S3
2026-08-15 18:05:44,379 - INFO - [RESUME-SKIP] Marked 6643b2c0fad53b63d02ce396 as downloaded
2026-08-15 18:05:44,379 - INFO - [S3-RECOVERY] Stored S3 URL for 6643b2c0fad53b63d02ce396
2026-08-15 18:05:44,379 - INFO - [BULLETPROOF] Success on attempt 1
2026-08-15 18:05:44,380 - INFO - [PARALLEL-DOWNLOAD] Successfully downloaded 6643b2c0fad53b63d02ce396
2026-08-15 18:05:49,715 - INFO - [FETCH] Resume list page 87 retrieved
2026-08-15 18:05:49,716 - INFO - [FETCH-STORE] Page 87: 14 new IDs stored, 0 duplicates skipped
2026-08-15 18:05:54,389 - INFO - [BULLETPROOF] Attempt 1/5
2026-08-15 18:05:57,969 - INFO - [FETCH] Resume list page 88 retrieved
2026-08-15 18:05:57,969 - INFO - [FETCH-STORE] Page 88: 15 new IDs stored, 0 duplicates skipped
2026-08-15 18:06:05,101 - INFO - [DETAIL] S3 URL extracted for 6643b1bdbd1d6e2a0d1327b6
2026-08-15 18:06:06,645 - INFO - [DOWNLOAD] Success: Mahesh_Mishra_SAP_MM_PP_WM_docx_O0JSaX_jeMYNg.pdf (292562 bytes) from S3
2026-08-15 18:06:06,645 - INFO - [RESUME-SKIP] Marked 6643b1bdbd1d6e2a0d1327b6 as downloaded
2026-08-15 18:06:06,646 - INFO - [S3-RECOVERY] Stored S3 URL for 6643b1bdbd1d6e2a0d1327b6
2026-08-15 18:06:06,647 - INFO - [BULLETPROOF] Success on attempt 1
2026-08-15 18:06:06,647 - INFO - [PARALLEL-DOWNLOAD] Successfully downloaded 6643b1bdbd1d6e2a0d1327b6
2026-08-15 18:06:12,187 - INFO - [FETCH] Resume list page 89 retrieved
2026-08-15 18:06:12,188 - INFO - [FETCH-STORE] Page 89: 14 new IDs stored, 0 duplicates skipped
2026-08-15 18:06:16,657 - INFO - [BULLETPROOF] Attempt 1/5
2026-08-15 18:06:20,318 - INFO - [FETCH] Resume list page 90 retrieved
2026-08-15 18:06:20,319 - INFO - [FETCH-STORE] Page 90: 15 new IDs stored, 0 duplicates skipped
2026-08-15 18:06:27,464 - INFO - [DETAIL] S3 URL extracted for 6643a95086ab0b02c1759bf4
2026-08-15 18:06:28,994 - INFO - [DOWNLOAD] Success: Shilpa_Salesforce_docx_5IJUYI_o1otoE.pdf (264297 bytes) from S3
2026-08-15 18:06:28,994 - INFO - [RESUME-SKIP] Marked 6643a95086ab0b02c1759bf4 as downloaded
2026-08-15 18:06:28,994 - INFO - [S3-RECOVERY] Stored S3 URL for 6643a95086ab0b02c1759bf4
2026-08-15 18:06:28,994 - INFO - [BULLETPROOF] Success on attempt 1
2026-08-15 18:06:28,994 - INFO - [PARALLEL-DOWNLOAD] Successfully downloaded 6643a95086ab0b02c1759bf4
2026-08-15 18:06:34,400 - INFO - [FETCH] Resume list page 91 retrieved
2026-08-15 18:06:34,401 - INFO - [FETCH-STORE] Page 91: 15 new IDs stored, 0 duplicates skipped
2026-08-15 18:06:39,004 - INFO - [BULLETPROOF] Attempt 1/5
2026-08-15 18:06:42,622 - INFO - [FETCH] Resume list page 92 retrieved
2026-08-15 18:06:42,623 - INFO - [FETCH-STORE] Page 92: 14 new IDs stored, 0 duplicates skipped
2026-08-15 18:06:49,730 - INFO - [DETAIL] S3 URL extracted for 6643a32ad95f2a594d6d2cc3
2026-08-15 18:06:51,315 - INFO - [DOWNLOAD] Success: Madhav_Gadve_iOS_MacOS_developer_docx_YiTcG8_0jL8Xx.pdf (206516 bytes) from S3
2026-08-15 18:06:51,315 - INFO - [RESUME-SKIP] Marked 6643a32ad95f2a594d6d2cc3 as downloaded
2026-08-15 18:06:51,315 - INFO - [S3-RECOVERY] Stored S3 URL for 6643a32ad95f2a594d6d2cc3
2026-08-15 18:06:51,315 - INFO - [BULLETPROOF] Success on attempt 1
2026-08-15 18:06:51,315 - INFO - [PARALLEL-DOWNLOAD] Successfully downloaded 6643a32ad95f2a594d6d2cc3
2026-08-15 18:06:56,826 - INFO - [FETCH] Resume list page 93 retrieved
2026-08-15 18:06:56,827 - INFO - [FETCH-STORE] Page 93: 14 new IDs stored, 0 duplicates skipped
2026-08-15 18:07:01,325 - INFO - [BULLETPROOF] Attempt 1/5
2026-08-15 18:07:05,015 - INFO - [FETCH] Resume list page 94 retrieved
2026-08-15 18:07:05,016 - INFO - [FETCH-STORE] Page 94: 14 new IDs stored, 0 duplicates skipped
2026-08-15 18:07:12,124 - INFO - [DETAIL] S3 URL extracted for 6643a0ed428aee5bc83f092c
2026-08-15 18:07:14,271 - INFO - [DOWNLOAD] Success: Sunder_Oracle_fusion_finance_ERP_Program_Manager_PM_docx_vkSLBr_8y2qwb.pdf (464503 bytes) from S3
2026-08-15 18:07:14,271 - INFO - [RESUME-SKIP] Marked 6643a0ed428aee5bc83f092c as downloaded
2026-08-15 18:07:14,271 - INFO - [S3-RECOVERY] Stored S3 URL for 6643a0ed428aee5bc83f092c
2026-08-15 18:07:14,271 - INFO - [BULLETPROOF] Success on attempt 1
2026-08-15 18:07:14,272 - INFO - [PARALLEL-DOWNLOAD] Successfully downloaded 6643a0ed428aee5bc83f092c
2026-08-15 18:07:19,073 - INFO - [FETCH] Resume list page 95 retrieved
2026-08-15 18:07:19,074 - INFO - [FETCH-STORE] Page 95: 14 new IDs stored, 0 duplicates skipped
2026-08-15 18:07:24,283 - INFO - [BULLETPROOF] Attempt 1/5
2026-08-15 18:07:27,331 - INFO - [FETCH] Resume list page 96 retrieved
2026-08-15 18:07:27,332 - INFO - [FETCH-STORE] Page 96: 13 new IDs stored, 0 duplicates skipped
2026-08-15 18:07:34,477 - INFO - [DETAIL] S3 URL extracted for 66747e4c55b513435074de2d
2026-08-15 18:07:35,541 - INFO - [DOWNLOAD] Success: Shradha_Rauth__U5c8iq_KPrqOd.docx (32895 bytes) from S3
2026-08-15 18:07:35,541 - INFO - [RESUME-SKIP] Marked 66747e4c55b513435074de2d as downloaded
2026-08-15 18:07:35,542 - INFO - [S3-RECOVERY] Stored S3 URL for 66747e4c55b513435074de2d
2026-08-15 18:07:35,542 - INFO - [BULLETPROOF] Success on attempt 1
2026-08-15 18:07:35,542 - INFO - [PARALLEL-DOWNLOAD] Successfully downloaded 66747e4c55b513435074de2d
2026-08-15 18:07:41,412 - INFO - [FETCH] Resume list page 97 retrieved
2026-08-15 18:07:41,413 - INFO - [FETCH-STORE] Page 97: 14 new IDs stored, 0 duplicates skipped
2026-08-15 18:07:45,552 - INFO - [BULLETPROOF] Attempt 1/5
2026-08-15 18:07:49,700 - INFO - [FETCH] Resume list page 98 retrieved
2026-08-15 18:07:49,701 - INFO - [FETCH-STORE] Page 98: 14 new IDs stored, 0 duplicates skipped
2026-08-15 18:07:56,801 - INFO - [DETAIL] S3 URL extracted for 66747d94222d6f231116d7d5
2026-08-15 18:07:57,856 - INFO - [DOWNLOAD] Success: Sai_Preetham_DataAnalyst_qRml9z_HtuJEb.docx (19382 bytes) from S3
2026-08-15 18:07:57,856 - INFO - [RESUME-SKIP] Marked 66747d94222d6f231116d7d5 as downloaded
2026-08-15 18:07:57,857 - INFO - [S3-RECOVERY] Stored S3 URL for 66747d94222d6f231116d7d5
2026-08-15 18:07:57,857 - INFO - [BULLETPROOF] Success on attempt 1
2026-08-15 18:07:57,857 - INFO - [PARALLEL-DOWNLOAD] Successfully downloaded 66747d94222d6f231116d7d5
2026-08-15 18:08:03,777 - INFO - [FETCH] Resume list page 99 retrieved
2026-08-15 18:08:03,778 - INFO - [FETCH-STORE] Page 99: 15 new IDs stored, 0 duplicates skipped
2026-08-15 18:08:07,867 - INFO - [BULLETPROOF] Attempt 1/5
2026-08-15 18:08:11,962 - INFO - [FETCH] Resume list page 100 retrieved
2026-08-15 18:08:11,962 - INFO - [FETCH-STORE] Page 100: 15 new IDs stored, 0 duplicates skipped
2026-08-15 18:08:19,280 - INFO - [DETAIL] S3 URL extracted for 66747b6d903e3471a05e0113
2026-08-15 18:08:20,354 - INFO - [DOWNLOAD] Success: Jaswanth_DevOps_Resume_G2qF80_qgBvgV.docx (41943 bytes) from S3
2026-08-15 18:08:20,355 - INFO - [RESUME-SKIP] Marked 66747b6d903e3471a05e0113 as downloaded
2026-08-15 18:08:20,355 - INFO - [S3-RECOVERY] Stored S3 URL for 66747b6d903e3471a05e0113
2026-08-15 18:08:20,355 - INFO - [BULLETPROOF] Success on attempt 1
2026-08-15 18:08:20,355 - INFO - [PARALLEL-DOWNLOAD] Successfully downloaded 66747b6d903e3471a05e0113
2026-08-15 18:08:26,279 - INFO - [FETCH] Resume list page 101 retrieved
2026-08-15 18:08:26,280 - INFO - [FETCH-STORE] Page 101: 15 new IDs stored, 0 duplicates skipped
2026-08-15 18:08:30,365 - INFO - [BULLETPROOF] Attempt 1/5
2026-08-15 18:08:34,632 - INFO - [FETCH] Resume list page 102 retrieved
2026-08-15 18:08:34,633 - INFO - [FETCH-STORE] Page 102: 15 new IDs stored, 0 duplicates skipped
2026-08-15 18:08:41,850 - INFO - [DETAIL] S3 URL extracted for 667470bf45618e2b39764913
2026-08-15 18:08:42,911 - INFO - [DOWNLOAD] Success: Jawad_Ali_Dot_Net_Updated_0JwKz0_IwGFeY.docx (23466 bytes) from S3
2026-08-15 18:08:42,911 - INFO - [RESUME-SKIP] Marked 667470bf45618e2b39764913 as downloaded
2026-08-15 18:08:42,911 - INFO - [S3-RECOVERY] Stored S3 URL for 667470bf45618e2b39764913
2026-08-15 18:08:42,911 - INFO - [BULLETPROOF] Success on attempt 1
2026-08-15 18:08:42,911 - INFO - [PARALLEL-DOWNLOAD] Successfully downloaded 667470bf45618e2b39764913
2026-08-15 18:08:48,810 - INFO - [FETCH] Resume list page 103 retrieved
2026-08-15 18:08:48,810 - INFO - [FETCH-STORE] Page 103: 15 new IDs stored, 0 duplicates skipped
2026-08-15 18:08:52,921 - INFO - [BULLETPROOF] Attempt 1/5
2026-08-15 18:08:57,150 - INFO - [FETCH] Resume list page 104 retrieved
2026-08-15 18:08:57,150 - INFO - [FETCH-STORE] Page 104: 14 new IDs stored, 0 duplicates skipped
2026-08-15 18:09:04,286 - INFO - [DETAIL] S3 URL extracted for 66746ea7558e7865fb69d916
2026-08-15 18:09:05,374 - INFO - [DOWNLOAD] Success: VinayKumarVadde_PythonDeveloper_B0ViiD_Mtxq5q.docx (30233 bytes) from S3
2026-08-15 18:09:05,374 - INFO - [RESUME-SKIP] Marked 66746ea7558e7865fb69d916 as downloaded
2026-08-15 18:09:05,374 - INFO - [S3-RECOVERY] Stored S3 URL for 66746ea7558e7865fb69d916
2026-08-15 18:09:05,374 - INFO - [BULLETPROOF] Success on attempt 1
2026-08-15 18:09:05,375 - INFO - [PARALLEL-DOWNLOAD] Successfully downloaded 66746ea7558e7865fb69d916
2026-08-15 18:09:11,270 - INFO - [FETCH] Resume list page 105 retrieved
2026-08-15 18:09:11,271 - INFO - [FETCH-STORE] Page 105: 15 new IDs stored, 0 duplicates skipped
2026-08-15 18:09:15,385 - INFO - [BULLETPROOF] Attempt 1/5
2026-08-15 18:09:19,487 - INFO - [FETCH] Resume list page 106 retrieved
2026-08-15 18:09:19,488 - INFO - [FETCH-STORE] Page 106: 15 new IDs stored, 0 duplicates skipped
2026-08-15 18:09:26,611 - INFO - [DETAIL] S3 URL extracted for 66746d74eae21607321a4b45
2026-08-15 18:09:27,752 - INFO - [DOWNLOAD] Success: Charitha_Reddy_Angular_hyoxQc_LIhGev.docx (23899 bytes) from S3
2026-08-15 18:09:27,753 - INFO - [RESUME-SKIP] Marked 66746d74eae21607321a4b45 as downloaded
2026-08-15 18:09:27,753 - INFO - [S3-RECOVERY] Stored S3 URL for 66746d74eae21607321a4b45
2026-08-15 18:09:27,753 - INFO - [BULLETPROOF] Success on attempt 1
2026-08-15 18:09:27,754 - INFO - [PARALLEL-DOWNLOAD] Successfully downloaded 66746d74eae21607321a4b45
2026-08-15 18:09:33,563 - INFO - [FETCH] Resume list page 107 retrieved
2026-08-15 18:09:33,564 - INFO - [FETCH-STORE] Page 107: 14 new IDs stored, 0 duplicates skipped
2026-08-15 18:09:37,764 - INFO - [BULLETPROOF] Attempt 1/5
2026-08-15 18:09:41,750 - INFO - [FETCH] Resume list page 108 retrieved
2026-08-15 18:09:41,751 - INFO - [FETCH-STORE] Page 108: 14 new IDs stored, 0 duplicates skipped
2026-08-15 18:09:49,091 - INFO - [DETAIL] S3 URL extracted for 667466bf45a0a43de43bd973
2026-08-15 18:09:49,888 - INFO - [DOWNLOAD] Success: Resume_Gayathri_Business_Analyst_UepffZ_6XbqW9.docx (14711 bytes) from S3
2026-08-15 18:09:49,889 - INFO - [RESUME-SKIP] Marked 667466bf45a0a43de43bd973 as downloaded
2026-08-15 18:09:49,889 - INFO - [S3-RECOVERY] Stored S3 URL for 667466bf45a0a43de43bd973
2026-08-15 18:09:49,889 - INFO - [BULLETPROOF] Success on attempt 1
2026-08-15 18:09:49,889 - INFO - [PARALLEL-DOWNLOAD] Successfully downloaded 667466bf45a0a43de43bd973
2026-08-15 18:09:55,983 - INFO - [FETCH] Resume list page 109 retrieved
2026-08-15 18:09:55,983 - INFO - [FETCH-STORE] Page 109: 15 new IDs stored, 0 duplicates skipped
2026-08-15 18:09:59,899 - INFO - [BULLETPROOF] Attempt 1/5
2026-08-15 18:10:04,216 - INFO - [FETCH] Resume list page 110 retrieved
2026-08-15 18:10:04,216 - INFO - [FETCH-STORE] Page 110: 13 new IDs stored, 0 duplicates skipped
2026-08-15 18:10:11,404 - INFO - [DETAIL] S3 URL extracted for 6674660864ed681d7f78f7e6
2026-08-15 18:10:12,499 - INFO - [DOWNLOAD] Success: Karunya_DataEngineer_QxlEZ6_iVHn5l.docx (38159 bytes) from S3
2026-08-15 18:10:12,499 - INFO - [RESUME-SKIP] Marked 6674660864ed681d7f78f7e6 as downloaded
2026-08-15 18:10:12,500 - INFO - [S3-RECOVERY] Stored S3 URL for 6674660864ed681d7f78f7e6
2026-08-15 18:10:12,500 - INFO - [BULLETPROOF] Success on attempt 1
2026-08-15 18:10:12,500 - INFO - [PARALLEL-DOWNLOAD] Successfully downloaded 6674660864ed681d7f78f7e6
2026-08-15 18:10:18,402 - INFO - [FETCH] Resume list page 111 retrieved
2026-08-15 18:10:18,403 - INFO - [FETCH-STORE] Page 111: 14 new IDs stored, 0 duplicates skipped
2026-08-15 18:10:22,510 - INFO - [BULLETPROOF] Attempt 1/5
2026-08-15 18:10:26,562 - INFO - [FETCH] Resume list page 112 retrieved
2026-08-15 18:10:26,563 - INFO - [FETCH-STORE] Page 112: 15 new IDs stored, 0 duplicates skipped
2026-08-15 18:10:33,719 - INFO - [DETAIL] S3 URL extracted for 6674625f1a65914db8273114
2026-08-15 18:10:35,017 - INFO - [DOWNLOAD] Success: sai_manideep_python_developer_Y6nx78_SnyJSv.docx (41039 bytes) from S3
2026-08-15 18:10:35,018 - INFO - [RESUME-SKIP] Marked 6674625f1a65914db8273114 as downloaded
2026-08-15 18:10:35,018 - INFO - [S3-RECOVERY] Stored S3 URL for 6674625f1a65914db8273114
2026-08-15 18:10:35,018 - INFO - [BULLETPROOF] Success on attempt 1
2026-08-15 18:10:35,019 - INFO - [PARALLEL-DOWNLOAD] Successfully downloaded 6674625f1a65914db8273114
2026-08-15 18:10:40,619 - INFO - [FETCH] Resume list page 113 retrieved
2026-08-15 18:10:40,619 - INFO - [FETCH-STORE] Page 113: 15 new IDs stored, 0 duplicates skipped
2026-08-15 18:10:45,028 - INFO - [BULLETPROOF] Attempt 1/5
2026-08-15 18:10:48,777 - INFO - [FETCH] Resume list page 114 retrieved
2026-08-15 18:10:48,778 - INFO - [FETCH-STORE] Page 114: 15 new IDs stored, 0 duplicates skipped
2026-08-15 18:10:55,912 - INFO - [DETAIL] S3 URL extracted for 65e89d78a911ef715d300f93
2026-08-15 18:10:58,468 - INFO - [DOWNLOAD] Success: Anil_Resume_MSSQL_hRJ8jz_w8foHx.docx (25545 bytes) from S3
2026-08-15 18:10:58,468 - INFO - [RESUME-SKIP] Marked 65e89d78a911ef715d300f93 as downloaded
2026-08-15 18:10:58,468 - INFO - [S3-RECOVERY] Stored S3 URL for 65e89d78a911ef715d300f93
2026-08-15 18:10:58,468 - INFO - [BULLETPROOF] Success on attempt 1
2026-08-15 18:10:58,469 - INFO - [PARALLEL-DOWNLOAD] Successfully downloaded 65e89d78a911ef715d300f93
2026-08-15 18:11:02,880 - INFO - [FETCH] Resume list page 115 retrieved
2026-08-15 18:11:02,881 - INFO - [FETCH-STORE] Page 115: 14 new IDs stored, 0 duplicates skipped
2026-08-15 18:11:08,480 - INFO - [BULLETPROOF] Attempt 1/5
2026-08-15 18:11:11,093 - INFO - [FETCH] Resume list page 116 retrieved
2026-08-15 18:11:11,094 - INFO - [FETCH-STORE] Page 116: 15 new IDs stored, 0 duplicates skipped
2026-08-15 18:11:18,278 - INFO - [DETAIL] S3 URL extracted for 65e89cf4469dd1126c3e9a82
2026-08-15 18:11:19,325 - INFO - [DOWNLOAD] Success: CHIRANJEEVI_BOKKA_Full_stack_Net_pxHNVS_hISYuH.docx (17282 bytes) from S3
2026-08-15 18:11:19,325 - INFO - [RESUME-SKIP] Marked 65e89cf4469dd1126c3e9a82 as downloaded
2026-08-15 18:11:19,325 - INFO - [S3-RECOVERY] Stored S3 URL for 65e89cf4469dd1126c3e9a82
2026-08-15 18:11:19,325 - INFO - [BULLETPROOF] Success on attempt 1
2026-08-15 18:11:19,326 - INFO - [PARALLEL-DOWNLOAD] Successfully downloaded 65e89cf4469dd1126c3e9a82
2026-08-15 18:11:25,266 - INFO - [FETCH] Resume list page 117 retrieved
2026-08-15 18:11:25,267 - INFO - [FETCH-STORE] Page 117: 15 new IDs stored, 0 duplicates skipped
2026-08-15 18:11:29,336 - INFO - [BULLETPROOF] Attempt 1/5
2026-08-15 18:11:33,413 - INFO - [FETCH] Resume list page 118 retrieved
2026-08-15 18:11:33,413 - INFO - [FETCH-STORE] Page 118: 12 new IDs stored, 0 duplicates skipped
2026-08-15 18:11:40,652 - INFO - [DETAIL] S3 URL extracted for 65e89be404f2e676cf5517c2
2026-08-15 18:11:41,437 - INFO - [DOWNLOAD] Success: Ashwini_Solution_Achitech_t9wn37_WZ0ZjK.docx (13276 bytes) from S3
2026-08-15 18:11:41,437 - INFO - [RESUME-SKIP] Marked 65e89be404f2e676cf5517c2 as downloaded
2026-08-15 18:11:41,437 - INFO - [S3-RECOVERY] Stored S3 URL for 65e89be404f2e676cf5517c2
2026-08-15 18:11:41,437 - INFO - [BULLETPROOF] Success on attempt 1
2026-08-15 18:11:41,438 - INFO - [PARALLEL-DOWNLOAD] Successfully downloaded 65e89be404f2e676cf5517c2
2026-08-15 18:11:47,592 - INFO - [FETCH] Resume list page 119 retrieved
2026-08-15 18:11:47,593 - INFO - [FETCH-STORE] Page 119: 15 new IDs stored, 0 duplicates skipped
2026-08-15 18:11:51,448 - INFO - [BULLETPROOF] Attempt 1/5
2026-08-15 18:11:55,834 - INFO - [FETCH] Resume list page 120 retrieved
2026-08-15 18:11:55,835 - INFO - [FETCH-STORE] Page 120: 14 new IDs stored, 0 duplicates skipped
2026-08-15 18:12:02,942 - INFO - [DETAIL] S3 URL extracted for 65e89b368b0b9c1f706393e4
2026-08-15 18:12:04,030 - INFO - [DOWNLOAD] Success: ManjunathaKaliwal_iOS_Developer_QNMhwZ_IZUUxP.docx (16187 bytes) from S3
2026-08-15 18:12:04,030 - INFO - [RESUME-SKIP] Marked 65e89b368b0b9c1f706393e4 as downloaded
2026-08-15 18:12:04,030 - INFO - [S3-RECOVERY] Stored S3 URL for 65e89b368b0b9c1f706393e4
2026-08-15 18:12:04,030 - INFO - [BULLETPROOF] Success on attempt 1
2026-08-15 18:12:04,031 - INFO - [PARALLEL-DOWNLOAD] Successfully downloaded 65e89b368b0b9c1f706393e4
2026-08-15 18:12:09,776 - INFO - [FETCH] Resume list page 121 retrieved
2026-08-15 18:12:09,777 - INFO - [FETCH-STORE] Page 121: 14 new IDs stored, 0 duplicates skipped
2026-08-15 18:12:14,041 - INFO - [BULLETPROOF] Attempt 1/5
2026-08-15 18:12:17,909 - INFO - [FETCH] Resume list page 122 retrieved
2026-08-15 18:12:17,910 - INFO - [FETCH-STORE] Page 122: 15 new IDs stored, 0 duplicates skipped
2026-08-15 18:12:24,998 - INFO - [DETAIL] S3 URL extracted for 65e8984d55d5775c073389a0
2026-08-15 18:12:25,813 - INFO - [DOWNLOAD] Success: Himesh_Reddy_Project_manager_Scrum_Master_NzJAd2_RU57MS.docx (13476 bytes) from S3
2026-08-15 18:12:25,813 - INFO - [RESUME-SKIP] Marked 65e8984d55d5775c073389a0 as downloaded
2026-08-15 18:12:25,813 - INFO - [S3-RECOVERY] Stored S3 URL for 65e8984d55d5775c073389a0
2026-08-15 18:12:25,813 - INFO - [BULLETPROOF] Success on attempt 1
2026-08-15 18:12:25,814 - INFO - [PARALLEL-DOWNLOAD] Successfully downloaded 65e8984d55d5775c073389a0
2026-08-15 18:12:31,915 - INFO - [FETCH] Resume list page 123 retrieved
2026-08-15 18:12:31,915 - INFO - [FETCH-STORE] Page 123: 15 new IDs stored, 0 duplicates skipped
2026-08-15 18:12:35,823 - INFO - [BULLETPROOF] Attempt 1/5
2026-08-15 18:12:40,224 - INFO - [FETCH] Resume list page 124 retrieved
2026-08-15 18:12:40,225 - INFO - [FETCH-STORE] Page 124: 14 new IDs stored, 0 duplicates skipped
2026-08-15 18:12:47,283 - INFO - [DETAIL] S3 URL extracted for 65e8977e5305f4069e739ad2
2026-08-15 18:12:48,112 - INFO - [DOWNLOAD] Success: Dipak_Wagh_Oracle_Agile_PLM_FM8ibw_PgVUOG.docx (13735 bytes) from S3
2026-08-15 18:12:48,112 - INFO - [RESUME-SKIP] Marked 65e8977e5305f4069e739ad2 as downloaded
2026-08-15 18:12:48,113 - INFO - [S3-RECOVERY] Stored S3 URL for 65e8977e5305f4069e739ad2
2026-08-15 18:12:48,113 - INFO - [BULLETPROOF] Success on attempt 1
2026-08-15 18:12:48,113 - INFO - [PARALLEL-DOWNLOAD] Successfully downloaded 65e8977e5305f4069e739ad2
2026-08-15 18:12:54,192 - INFO - [FETCH] Resume list page 125 retrieved
2026-08-15 18:12:54,193 - INFO - [FETCH-STORE] Page 125: 13 new IDs stored, 0 duplicates skipped
2026-08-15 18:12:58,123 - INFO - [BULLETPROOF] Attempt 1/5
2026-08-15 18:13:02,544 - INFO - [FETCH] Resume list page 126 retrieved
2026-08-15 18:13:02,545 - INFO - [FETCH-STORE] Page 126: 15 new IDs stored, 0 duplicates skipped
2026-08-15 18:13:09,749 - INFO - [DETAIL] S3 URL extracted for 65e88946dff55d2c0759da82
2026-08-15 18:13:10,854 - INFO - [DOWNLOAD] Success: Kuldeep_d_Shah_NET_Developer_3EXNdm_HltiMl.docx (16860 bytes) from S3
2026-08-15 18:13:10,854 - INFO - [RESUME-SKIP] Marked 65e88946dff55d2c0759da82 as downloaded
2026-08-15 18:13:10,854 - INFO - [S3-RECOVERY] Stored S3 URL for 65e88946dff55d2c0759da82
2026-08-15 18:13:10,854 - INFO - [BULLETPROOF] Success on attempt 1
2026-08-15 18:13:10,855 - INFO - [PARALLEL-DOWNLOAD] Successfully downloaded 65e88946dff55d2c0759da82
2026-08-15 18:13:16,675 - INFO - [FETCH] Resume list page 127 retrieved
2026-08-15 18:13:16,676 - INFO - [FETCH-STORE] Page 127: 14 new IDs stored, 0 duplicates skipped
2026-08-15 18:13:20,865 - INFO - [BULLETPROOF] Attempt 1/5
2026-08-15 18:13:24,984 - INFO - [FETCH] Resume list page 128 retrieved
2026-08-15 18:13:24,985 - INFO - [FETCH-STORE] Page 128: 14 new IDs stored, 0 duplicates skipped
2026-08-15 18:13:32,186 - INFO - [DETAIL] S3 URL extracted for 65e887d192bca9167b7b9bd5
2026-08-15 18:13:33,212 - INFO - [DOWNLOAD] Success: MAHESH_SAP_WM_hVnasB_fDYYdT.docx (19942 bytes) from S3
2026-08-15 18:13:33,212 - INFO - [RESUME-SKIP] Marked 65e887d192bca9167b7b9bd5 as downloaded
2026-08-15 18:13:33,212 - INFO - [S3-RECOVERY] Stored S3 URL for 65e887d192bca9167b7b9bd5
2026-08-15 18:13:33,212 - INFO - [BULLETPROOF] Success on attempt 1
2026-08-15 18:13:33,213 - INFO - [PARALLEL-DOWNLOAD] Successfully downloaded 65e887d192bca9167b7b9bd5
2026-08-15 18:13:39,237 - INFO - [FETCH] Resume list page 129 retrieved
2026-08-15 18:13:39,238 - INFO - [FETCH-STORE] Page 129: 15 new IDs stored, 0 duplicates skipped
2026-08-15 18:13:43,223 - INFO - [BULLETPROOF] Attempt 1/5
2026-08-15 18:13:47,423 - INFO - [FETCH] Resume list page 130 retrieved
2026-08-15 18:13:47,424 - INFO - [FETCH-STORE] Page 130: 15 new IDs stored, 0 duplicates skipped
2026-08-15 18:13:54,651 - INFO - [DETAIL] S3 URL extracted for 65e885535b7ad14f130ce215
2026-08-15 18:13:55,724 - INFO - [DOWNLOAD] Success: LATHEESH_VEMURI_mulesoft_RKn2GK_5DyODx.docx (17387 bytes) from S3
2026-08-15 18:13:55,725 - INFO - [RESUME-SKIP] Marked 65e885535b7ad14f130ce215 as downloaded
2026-08-15 18:13:55,725 - INFO - [S3-RECOVERY] Stored S3 URL for 65e885535b7ad14f130ce215
2026-08-15 18:13:55,725 - INFO - [BULLETPROOF] Success on attempt 1
2026-08-15 18:13:55,725 - INFO - [PARALLEL-DOWNLOAD] Successfully downloaded 65e885535b7ad14f130ce215
2026-08-15 18:14:01,648 - INFO - [FETCH] Resume list page 131 retrieved
2026-08-15 18:14:01,649 - INFO - [FETCH-STORE] Page 131: 15 new IDs stored, 0 duplicates skipped
2026-08-15 18:14:05,736 - INFO - [BULLETPROOF] Attempt 1/5
2026-08-15 18:14:09,887 - INFO - [FETCH] Resume list page 132 retrieved
2026-08-15 18:14:09,888 - INFO - [FETCH-STORE] Page 132: 15 new IDs stored, 0 duplicates skipped
2026-08-15 18:14:17,098 - INFO - [DETAIL] S3 URL extracted for 65e88329dc14a577681faa6a
2026-08-15 18:14:18,171 - INFO - [DOWNLOAD] Success: Divya_Gayathri_Java_UncBLk_etGKbZ.docx (27993 bytes) from S3
2026-08-15 18:14:18,172 - INFO - [RESUME-SKIP] Marked 65e88329dc14a577681faa6a as downloaded
2026-08-15 18:14:18,172 - INFO - [S3-RECOVERY] Stored S3 URL for 65e88329dc14a577681faa6a
2026-08-15 18:14:18,172 - INFO - [BULLETPROOF] Success on attempt 1
2026-08-15 18:14:18,172 - INFO - [PARALLEL-DOWNLOAD] Successfully downloaded 65e88329dc14a577681faa6a
2026-08-15 18:14:23,994 - INFO - [FETCH] Resume list page 133 retrieved
2026-08-15 18:14:23,994 - INFO - [FETCH-STORE] Page 133: 15 new IDs stored, 0 duplicates skipped
2026-08-15 18:14:28,182 - INFO - [BULLETPROOF] Attempt 1/5
2026-08-15 18:14:32,000 - INFO - [FETCH] Resume list page 134 retrieved
2026-08-15 18:14:32,000 - INFO - [FETCH-STORE] Page 134: 15 new IDs stored, 0 duplicates skipped
2026-08-15 18:14:39,381 - INFO - [DETAIL] S3 URL extracted for 65e8829e035ffc6a474c1cc6
2026-08-15 18:14:40,432 - INFO - [DOWNLOAD] Success: Pranjal_Mahant_Project_Manager_QTUygY_j4siI4.docx (33659 bytes) from S3
2026-08-15 18:14:40,432 - INFO - [RESUME-SKIP] Marked 65e8829e035ffc6a474c1cc6 as downloaded
2026-08-15 18:14:40,433 - INFO - [S3-RECOVERY] Stored S3 URL for 65e8829e035ffc6a474c1cc6
2026-08-15 18:14:40,433 - INFO - [BULLETPROOF] Success on attempt 1
2026-08-15 18:14:40,433 - INFO - [PARALLEL-DOWNLOAD] Successfully downloaded 65e8829e035ffc6a474c1cc6
2026-08-15 18:14:46,272 - INFO - [FETCH] Resume list page 135 retrieved
2026-08-15 18:14:46,273 - INFO - [FETCH-STORE] Page 135: 15 new IDs stored, 0 duplicates skipped
2026-08-15 18:14:50,443 - INFO - [BULLETPROOF] Attempt 1/5
2026-08-15 18:14:54,487 - INFO - [FETCH] Resume list page 136 retrieved
2026-08-15 18:14:54,488 - INFO - [FETCH-STORE] Page 136: 14 new IDs stored, 0 duplicates skipped
2026-08-15 18:15:01,657 - INFO - [DETAIL] S3 URL extracted for 65e881f3035ffc6a474c1cc4
2026-08-15 18:15:02,701 - INFO - [DOWNLOAD] Success: Sowmya_QA_Automation_hIYgJ9_ePzEm8.docx (17319 bytes) from S3
2026-08-15 18:15:02,701 - INFO - [RESUME-SKIP] Marked 65e881f3035ffc6a474c1cc4 as downloaded
2026-08-15 18:15:02,702 - INFO - [S3-RECOVERY] Stored S3 URL for 65e881f3035ffc6a474c1cc4
2026-08-15 18:15:02,702 - INFO - [BULLETPROOF] Success on attempt 1
2026-08-15 18:15:02,702 - INFO - [PARALLEL-DOWNLOAD] Successfully downloaded 65e881f3035ffc6a474c1cc4
2026-08-15 18:15:08,588 - INFO - [FETCH] Resume list page 137 retrieved
2026-08-15 18:15:08,589 - INFO - [FETCH-STORE] Page 137: 14 new IDs stored, 0 duplicates skipped
2026-08-15 18:15:12,712 - INFO - [BULLETPROOF] Attempt 1/5
2026-08-15 18:15:16,768 - INFO - [FETCH] Resume list page 138 retrieved
2026-08-15 18:15:16,769 - INFO - [FETCH-STORE] Page 138: 14 new IDs stored, 0 duplicates skipped
2026-08-15 18:15:23,897 - INFO - [DETAIL] S3 URL extracted for 65e7536cb23baa248e4f17a8
2026-08-15 18:15:24,930 - INFO - [DOWNLOAD] Success: Swath_ETL_QA_Test_Lead_EGFtRB_S6DwZA.docx (24666 bytes) from S3
2026-08-15 18:15:24,930 - INFO - [RESUME-SKIP] Marked 65e7536cb23baa248e4f17a8 as downloaded
2026-08-15 18:15:24,930 - INFO - [S3-RECOVERY] Stored S3 URL for 65e7536cb23baa248e4f17a8
2026-08-15 18:15:24,930 - INFO - [BULLETPROOF] Success on attempt 1
2026-08-15 18:15:24,930 - INFO - [PARALLEL-DOWNLOAD] Successfully downloaded 65e7536cb23baa248e4f17a8
2026-08-15 18:15:25,049 - INFO - [FETCH] Resume list page 139 retrieved
2026-08-15 18:15:25,049 - INFO - [FETCH-STORE] Page 139: 14 new IDs stored, 0 duplicates skipped
2026-08-15 18:15:33,265 - INFO - [FETCH] Resume list page 140 retrieved
2026-08-15 18:15:33,266 - INFO - [FETCH-STORE] Page 140: 15 new IDs stored, 0 duplicates skipped
2026-08-15 18:15:34,940 - INFO - [BULLETPROOF] Attempt 1/5
2026-08-15 18:15:41,420 - INFO - [FETCH] Resume list page 141 retrieved
2026-08-15 18:15:41,421 - INFO - [FETCH-STORE] Page 141: 14 new IDs stored, 0 duplicates skipped
2026-08-15 18:15:48,690 - INFO - [DETAIL] S3 URL extracted for 65e752097407037d7704b515
2026-08-15 18:15:49,714 - INFO - [DOWNLOAD] Success: Srinivas_MS_SQL_pSdjML_svkhJl.docx (20348 bytes) from S3
2026-08-15 18:15:49,714 - INFO - [RESUME-SKIP] Marked 65e752097407037d7704b515 as downloaded
2026-08-15 18:15:49,714 - INFO - [S3-RECOVERY] Stored S3 URL for 65e752097407037d7704b515
2026-08-15 18:15:49,714 - INFO - [BULLETPROOF] Success on attempt 1
2026-08-15 18:15:49,714 - INFO - [PARALLEL-DOWNLOAD] Successfully downloaded 65e752097407037d7704b515
2026-08-15 18:15:55,586 - INFO - [FETCH] Resume list page 142 retrieved
2026-08-15 18:15:55,587 - INFO - [FETCH-STORE] Page 142: 13 new IDs stored, 0 duplicates skipped
2026-08-15 18:15:59,724 - INFO - [BULLETPROOF] Attempt 1/5
2026-08-15 18:16:03,760 - INFO - [FETCH] Resume list page 143 retrieved
2026-08-15 18:16:03,761 - INFO - [FETCH-STORE] Page 143: 15 new IDs stored, 0 duplicates skipped
2026-08-15 18:16:10,897 - INFO - [DETAIL] S3 URL extracted for 65e74fc0b23baa248e4f17a4
2026-08-15 18:16:11,903 - INFO - [DOWNLOAD] Success: RAJESWARI_NIMMALA_Automation_wcCFVU_fMrbGo.docx (13132 bytes) from S3
2026-08-15 18:16:11,903 - INFO - [RESUME-SKIP] Marked 65e74fc0b23baa248e4f17a4 as downloaded
2026-08-15 18:16:11,903 - INFO - [S3-RECOVERY] Stored S3 URL for 65e74fc0b23baa248e4f17a4
2026-08-15 18:16:11,904 - INFO - [BULLETPROOF] Success on attempt 1
2026-08-15 18:16:11,904 - INFO - [PARALLEL-DOWNLOAD] Successfully downloaded 65e74fc0b23baa248e4f17a4
2026-08-15 18:16:17,817 - INFO - [FETCH] Resume list page 144 retrieved
2026-08-15 18:16:17,818 - INFO - [FETCH-STORE] Page 144: 14 new IDs stored, 0 duplicates skipped
2026-08-15 18:16:21,914 - INFO - [BULLETPROOF] Attempt 1/5
2026-08-15 18:16:25,995 - INFO - [FETCH] Resume list page 145 retrieved
2026-08-15 18:16:25,995 - INFO - [FETCH-STORE] Page 145: 14 new IDs stored, 0 duplicates skipped
2026-08-15 18:16:33,154 - INFO - [DETAIL] S3 URL extracted for 65e74e052e1954722b0a8484
2026-08-15 18:16:34,165 - INFO - [DOWNLOAD] Success: Ramesh_Data_Eng_0eKOeW_TJjdzs.docx (23743 bytes) from S3
2026-08-15 18:16:34,165 - INFO - [RESUME-SKIP] Marked 65e74e052e1954722b0a8484 as downloaded
2026-08-15 18:16:34,166 - INFO - [S3-RECOVERY] Stored S3 URL for 65e74e052e1954722b0a8484
2026-08-15 18:16:34,166 - INFO - [BULLETPROOF] Success on attempt 1
2026-08-15 18:16:34,166 - INFO - [PARALLEL-DOWNLOAD] Successfully downloaded 65e74e052e1954722b0a8484
2026-08-15 18:16:40,113 - INFO - [FETCH] Resume list page 146 retrieved
2026-08-15 18:16:40,113 - INFO - [FETCH-STORE] Page 146: 15 new IDs stored, 0 duplicates skipped
2026-08-15 18:16:44,176 - INFO - [BULLETPROOF] Attempt 1/5
2026-08-15 18:16:48,378 - INFO - [FETCH] Resume list page 147 retrieved
2026-08-15 18:16:48,378 - INFO - [FETCH-STORE] Page 147: 15 new IDs stored, 0 duplicates skipped
2026-08-15 18:16:55,545 - INFO - [DETAIL] S3 URL extracted for 65e7492af3b5a31d0a6c4a93
2026-08-15 18:16:56,595 - INFO - [DOWNLOAD] Success: SAITEJA_SIRIKONDA_Data_Scientist_pJMhRT_8ZBB58.docx (17368 bytes) from S3
2026-08-15 18:16:56,595 - INFO - [RESUME-SKIP] Marked 65e7492af3b5a31d0a6c4a93 as downloaded
2026-08-15 18:16:56,595 - INFO - [S3-RECOVERY] Stored S3 URL for 65e7492af3b5a31d0a6c4a93
2026-08-15 18:16:56,595 - INFO - [BULLETPROOF] Success on attempt 1
2026-08-15 18:16:56,596 - INFO - [PARALLEL-DOWNLOAD] Successfully downloaded 65e7492af3b5a31d0a6c4a93
2026-08-15 18:17:02,615 - INFO - [FETCH] Resume list page 148 retrieved
2026-08-15 18:17:02,615 - INFO - [FETCH-STORE] Page 148: 15 new IDs stored, 0 duplicates skipped
2026-08-15 18:17:06,606 - INFO - [BULLETPROOF] Attempt 1/5
2026-08-15 18:17:10,790 - INFO - [FETCH] Resume list page 149 retrieved
2026-08-15 18:17:10,791 - INFO - [FETCH-STORE] Page 149: 15 new IDs stored, 0 duplicates skipped
2026-08-15 18:17:17,947 - INFO - [DETAIL] S3 URL extracted for 65e61dbd4acbf473c42e2704
2026-08-15 18:17:18,965 - INFO - [DOWNLOAD] Success: Madhuri_Sr_Net_Developer_Resume_kF4osl_ZDOwsq.docx (25050 bytes) from S3
2026-08-15 18:17:18,966 - INFO - [RESUME-SKIP] Marked 65e61dbd4acbf473c42e2704 as downloaded
2026-08-15 18:17:18,966 - INFO - [S3-RECOVERY] Stored S3 URL for 65e61dbd4acbf473c42e2704
2026-08-15 18:17:18,966 - INFO - [BULLETPROOF] Success on attempt 1
2026-08-15 18:17:18,966 - INFO - [PARALLEL-DOWNLOAD] Successfully downloaded 65e61dbd4acbf473c42e2704
2026-08-15 18:17:24,907 - INFO - [FETCH] Resume list page 150 retrieved
2026-08-15 18:17:24,907 - INFO - [FETCH-STORE] Page 150: 14 new IDs stored, 0 duplicates skipped
2026-08-15 18:17:28,976 - INFO - [BULLETPROOF] Attempt 1/5
2026-08-15 18:17:33,088 - INFO - [FETCH] Resume list page 151 retrieved
2026-08-15 18:17:33,088 - INFO - [FETCH-STORE] Page 151: 14 new IDs stored, 0 duplicates skipped
2026-08-15 18:17:40,226 - INFO - [DETAIL] S3 URL extracted for 65e61c7a8977d139163eb5b2
2026-08-15 18:17:41,264 - INFO - [DOWNLOAD] Success: MANOJ_KUMAR_JENA_Test_Architect_msaXLl_eNnLev.docx (19452 bytes) from S3
2026-08-15 18:17:41,264 - INFO - [RESUME-SKIP] Marked 65e61c7a8977d139163eb5b2 as downloaded
2026-08-15 18:17:41,265 - INFO - [S3-RECOVERY] Stored S3 URL for 65e61c7a8977d139163eb5b2
2026-08-15 18:17:41,265 - INFO - [BULLETPROOF] Success on attempt 1
2026-08-15 18:17:41,265 - INFO - [PARALLEL-DOWNLOAD] Successfully downloaded 65e61c7a8977d139163eb5b2
2026-08-15 18:17:47,150 - INFO - [FETCH] Resume list page 152 retrieved
2026-08-15 18:17:47,151 - INFO - [FETCH-STORE] Page 152: 15 new IDs stored, 0 duplicates skipped
2026-08-15 18:17:51,275 - INFO - [BULLETPROOF] Attempt 1/5
2026-08-15 18:17:55,285 - INFO - [FETCH] Resume list page 153 retrieved
2026-08-15 18:17:55,285 - INFO - [FETCH-STORE] Page 153: 15 new IDs stored, 0 duplicates skipped
2026-08-15 18:18:02,394 - INFO - [DETAIL] S3 URL extracted for 65e61b046ad1ab683e4a9824
2026-08-15 18:18:03,399 - INFO - [DOWNLOAD] Success: Navanshu_Data_Engineer_1708719174500_1__6dvuXw_MDA3B3.docx (23708 bytes) from S3
2026-08-15 18:18:03,399 - INFO - [RESUME-SKIP] Marked 65e61b046ad1ab683e4a9824 as downloaded
2026-08-15 18:18:03,399 - INFO - [S3-RECOVERY] Stored S3 URL for 65e61b046ad1ab683e4a9824
2026-08-15 18:18:03,399 - INFO - [BULLETPROOF] Success on attempt 1
2026-08-15 18:18:03,400 - INFO - [PARALLEL-DOWNLOAD] Successfully downloaded 65e61b046ad1ab683e4a9824
2026-08-15 18:18:09,360 - INFO - [FETCH] Resume list page 154 retrieved
2026-08-15 18:18:09,361 - INFO - [FETCH-STORE] Page 154: 15 new IDs stored, 0 duplicates skipped
2026-08-15 18:18:13,410 - INFO - [BULLETPROOF] Attempt 1/5
2026-08-15 18:18:17,483 - INFO - [FETCH] Resume list page 155 retrieved
2026-08-15 18:18:17,484 - INFO - [FETCH-STORE] Page 155: 14 new IDs stored, 0 duplicates skipped
2026-08-15 18:18:24,627 - INFO - [DETAIL] S3 URL extracted for 65e61a3662284809c44db452
2026-08-15 18:18:25,386 - INFO - [DOWNLOAD] Success: Ayushi_Pratihar_Data_Analyst_tSY2bS_BC5zjJ.docx (14786 bytes) from S3
2026-08-15 18:18:25,386 - INFO - [RESUME-SKIP] Marked 65e61a3662284809c44db452 as downloaded
2026-08-15 18:18:25,386 - INFO - [S3-RECOVERY] Stored S3 URL for 65e61a3662284809c44db452
2026-08-15 18:18:25,387 - INFO - [BULLETPROOF] Success on attempt 1
2026-08-15 18:18:25,387 - INFO - [PARALLEL-DOWNLOAD] Successfully downloaded 65e61a3662284809c44db452
2026-08-15 18:18:31,554 - INFO - [FETCH] Resume list page 156 retrieved
2026-08-15 18:18:31,555 - INFO - [FETCH-STORE] Page 156: 13 new IDs stored, 0 duplicates skipped
2026-08-15 18:18:35,398 - INFO - [BULLETPROOF] Attempt 1/5
2026-08-15 18:18:39,864 - INFO - [FETCH] Resume list page 157 retrieved
2026-08-15 18:18:39,865 - INFO - [FETCH-STORE] Page 157: 15 new IDs stored, 0 duplicates skipped
2026-08-15 18:18:46,955 - INFO - [DETAIL] S3 URL extracted for 65e617b50af33a13ab4e0012
2026-08-15 18:18:48,011 - INFO - [DOWNLOAD] Success: Pradeep_Nadella_Updated_XgvwtY_mcuj4v.docx (23285 bytes) from S3
2026-08-15 18:18:48,011 - INFO - [RESUME-SKIP] Marked 65e617b50af33a13ab4e0012 as downloaded
2026-08-15 18:18:48,011 - INFO - [S3-RECOVERY] Stored S3 URL for 65e617b50af33a13ab4e0012
2026-08-15 18:18:48,011 - INFO - [BULLETPROOF] Success on attempt 1
2026-08-15 18:18:48,012 - INFO - [PARALLEL-DOWNLOAD] Successfully downloaded 65e617b50af33a13ab4e0012
2026-08-15 18:18:53,775 - INFO - [FETCH] Resume list page 158 retrieved
2026-08-15 18:18:53,775 - INFO - [FETCH-STORE] Page 158: 14 new IDs stored, 0 duplicates skipped
2026-08-15 18:18:58,022 - INFO - [BULLETPROOF] Attempt 1/5
2026-08-15 18:19:02,040 - INFO - [FETCH] Resume list page 159 retrieved
2026-08-15 18:19:02,041 - INFO - [FETCH-STORE] Page 159: 15 new IDs stored, 0 duplicates skipped
2026-08-15 18:19:09,277 - INFO - [DETAIL] S3 URL extracted for 65e6170db151c030dd67b773
2026-08-15 18:19:10,046 - INFO - [DOWNLOAD] Success: Sainath_Giri_Updated_AzkQZa_GGdBQ6.docx (12671 bytes) from S3
2026-08-15 18:19:10,046 - INFO - [RESUME-SKIP] Marked 65e6170db151c030dd67b773 as downloaded
2026-08-15 18:19:10,046 - INFO - [S3-RECOVERY] Stored S3 URL for 65e6170db151c030dd67b773
2026-08-15 18:19:10,047 - INFO - [BULLETPROOF] Success on attempt 1
2026-08-15 18:19:10,047 - INFO - [PARALLEL-DOWNLOAD] Successfully downloaded 65e6170db151c030dd67b773
2026-08-15 18:19:16,126 - INFO - [FETCH] Resume list page 160 retrieved
2026-08-15 18:19:16,126 - INFO - [FETCH-STORE] Page 160: 14 new IDs stored, 0 duplicates skipped
2026-08-15 18:19:20,057 - INFO - [BULLETPROOF] Attempt 1/5
2026-08-15 18:19:24,295 - INFO - [FETCH] Resume list page 161 retrieved
2026-08-15 18:19:24,296 - INFO - [FETCH-STORE] Page 161: 15 new IDs stored, 0 duplicates skipped
2026-08-15 18:19:31,466 - INFO - [DETAIL] S3 URL extracted for 69b05bb13b46d84c6d04abc9
2026-08-15 18:19:32,476 - INFO - [DOWNLOAD] Success: Amritha_Copy_vPPK1A_Ebq8QD.docx (16352 bytes) from S3
2026-08-15 18:19:32,476 - INFO - [RESUME-SKIP] Marked 69b05bb13b46d84c6d04abc9 as downloaded
2026-08-15 18:19:32,476 - INFO - [S3-RECOVERY] Stored S3 URL for 69b05bb13b46d84c6d04abc9
2026-08-15 18:19:32,477 - INFO - [BULLETPROOF] Success on attempt 1
2026-08-15 18:19:32,477 - INFO - [PARALLEL-DOWNLOAD] Successfully downloaded 69b05bb13b46d84c6d04abc9
2026-08-15 18:19:38,399 - INFO - [FETCH] Resume list page 162 retrieved
2026-08-15 18:19:38,400 - INFO - [FETCH-STORE] Page 162: 15 new IDs stored, 0 duplicates skipped
2026-08-15 18:19:42,487 - INFO - [BULLETPROOF] Attempt 1/5
2026-08-15 18:19:46,622 - INFO - [FETCH] Resume list page 163 retrieved
2026-08-15 18:19:46,622 - INFO - [FETCH-STORE] Page 163: 13 new IDs stored, 0 duplicates skipped
2026-08-15 18:19:53,846 - INFO - [DETAIL] S3 URL extracted for 69a71df5f1a4ee4bbe03a5c2
2026-08-15 18:19:57,102 - INFO - [DOWNLOAD] Success: Vishnu_vardhan_P_Java_Full_Stack_10_Years_V4AbHR_8qf6GU.docx (29139 bytes) from S3
2026-08-15 18:19:57,102 - INFO - [RESUME-SKIP] Marked 69a71df5f1a4ee4bbe03a5c2 as downloaded
2026-08-15 18:19:57,102 - INFO - [S3-RECOVERY] Stored S3 URL for 69a71df5f1a4ee4bbe03a5c2
2026-08-15 18:19:57,102 - INFO - [BULLETPROOF] Success on attempt 1
2026-08-15 18:19:57,103 - INFO - [PARALLEL-DOWNLOAD] Successfully downloaded 69a71df5f1a4ee4bbe03a5c2
2026-08-15 18:20:00,698 - INFO - [FETCH] Resume list page 164 retrieved
2026-08-15 18:20:00,699 - INFO - [FETCH-STORE] Page 164: 15 new IDs stored, 0 duplicates skipped
2026-08-15 18:20:07,124 - INFO - [BULLETPROOF] Attempt 1/5
2026-08-15 18:20:09,003 - INFO - [FETCH] Resume list page 165 retrieved
2026-08-15 18:20:09,004 - INFO - [FETCH-STORE] Page 165: 15 new IDs stored, 0 duplicates skipped
2026-08-15 18:20:16,163 - INFO - [DETAIL] S3 URL extracted for 69a1a87c476ad8983c0a97f1
2026-08-15 18:20:17,209 - INFO - [DOWNLOAD] Success: divya_resume_AOC1uK_5GrF83.docx (19802 bytes) from S3
2026-08-15 18:20:17,209 - INFO - [RESUME-SKIP] Marked 69a1a87c476ad8983c0a97f1 as downloaded
2026-08-15 18:20:17,209 - INFO - [S3-RECOVERY] Stored S3 URL for 69a1a87c476ad8983c0a97f1
2026-08-15 18:20:17,209 - INFO - [BULLETPROOF] Success on attempt 1
2026-08-15 18:20:17,209 - INFO - [PARALLEL-DOWNLOAD] Successfully downloaded 69a1a87c476ad8983c0a97f1
2026-08-15 18:20:23,002 - INFO - [FETCH] Resume list page 166 retrieved
2026-08-15 18:20:23,003 - INFO - [FETCH-STORE] Page 166: 15 new IDs stored, 0 duplicates skipped
2026-08-15 18:20:27,219 - INFO - [BULLETPROOF] Attempt 1/5
2026-08-15 18:20:31,200 - INFO - [FETCH] Resume list page 167 retrieved
2026-08-15 18:20:31,201 - INFO - [FETCH-STORE] Page 167: 14 new IDs stored, 0 duplicates skipped
2026-08-15 18:20:36,162 - INFO - [DETAIL] S3 URL extracted for 69a0dde685ae083fdb07eaed
2026-08-15 18:20:37,241 - INFO - [DOWNLOAD] Success: Mahendar_Profile_vfdem2_dlr7gH.docx (32995 bytes) from S3
2026-08-15 18:20:37,242 - INFO - [RESUME-SKIP] Marked 69a0dde685ae083fdb07eaed as downloaded
2026-08-15 18:20:37,243 - INFO - [S3-RECOVERY] Stored S3 URL for 69a0dde685ae083fdb07eaed
2026-08-15 18:20:37,243 - INFO - [BULLETPROOF] Success on attempt 1
2026-08-15 18:20:37,243 - INFO - [PARALLEL-DOWNLOAD] Successfully downloaded 69a0dde685ae083fdb07eaed
2026-08-15 18:20:39,466 - INFO - [FETCH] Resume list page 168 retrieved
2026-08-15 18:20:39,467 - INFO - [FETCH-STORE] Page 168: 13 new IDs stored, 0 duplicates skipped
2026-08-15 18:20:47,253 - INFO - [BULLETPROOF] Attempt 1/5
2026-08-15 18:20:47,681 - INFO - [FETCH] Resume list page 169 retrieved
2026-08-15 18:20:47,682 - INFO - [FETCH-STORE] Page 169: 14 new IDs stored, 0 duplicates skipped
2026-08-15 18:20:56,211 - INFO - [DETAIL] S3 URL extracted for 699c92f8eb593e5dcc0abaf1
2026-08-15 18:20:57,304 - INFO - [DOWNLOAD] Success: Antony_leo_Resume_yl2BwE_Ig9KED.docx (35846 bytes) from S3
2026-08-15 18:20:57,305 - INFO - [RESUME-SKIP] Marked 699c92f8eb593e5dcc0abaf1 as downloaded
2026-08-15 18:20:57,305 - INFO - [S3-RECOVERY] Stored S3 URL for 699c92f8eb593e5dcc0abaf1
2026-08-15 18:20:57,305 - INFO - [BULLETPROOF] Success on attempt 1
2026-08-15 18:20:57,305 - INFO - [PARALLEL-DOWNLOAD] Successfully downloaded 699c92f8eb593e5dcc0abaf1
2026-08-15 18:21:03,164 - INFO - [FETCH] Resume list page 170 retrieved
2026-08-15 18:21:03,165 - INFO - [FETCH-STORE] Page 170: 15 new IDs stored, 0 duplicates skipped
2026-08-15 18:21:07,315 - INFO - [BULLETPROOF] Attempt 1/5
2026-08-15 18:21:11,356 - INFO - [FETCH] Resume list page 171 retrieved
2026-08-15 18:21:11,357 - INFO - [FETCH-STORE] Page 171: 14 new IDs stored, 0 duplicates skipped
2026-08-15 18:21:18,557 - INFO - [DETAIL] S3 URL extracted for 6998c68dd9ff91008c0c5041
2026-08-15 18:21:19,609 - INFO - [DOWNLOAD] Success: greeshma_CCNA_Professional__OFoh5G_2YxEFB.docx (20347 bytes) from S3
2026-08-15 18:21:19,610 - INFO - [RESUME-SKIP] Marked 6998c68dd9ff91008c0c5041 as downloaded
2026-08-15 18:21:19,610 - INFO - [S3-RECOVERY] Stored S3 URL for 6998c68dd9ff91008c0c5041
2026-08-15 18:21:19,610 - INFO - [BULLETPROOF] Success on attempt 1
2026-08-15 18:21:19,610 - INFO - [PARALLEL-DOWNLOAD] Successfully downloaded 6998c68dd9ff91008c0c5041
2026-08-15 18:21:25,509 - INFO - [FETCH] Resume list page 172 retrieved
2026-08-15 18:21:25,510 - INFO - [FETCH-STORE] Page 172: 15 new IDs stored, 0 duplicates skipped
2026-08-15 18:21:29,620 - INFO - [BULLETPROOF] Attempt 1/5
2026-08-15 18:21:33,742 - INFO - [FETCH] Resume list page 173 retrieved
2026-08-15 18:21:33,742 - INFO - [FETCH-STORE] Page 173: 15 new IDs stored, 0 duplicates skipped
2026-08-15 18:21:40,939 - INFO - [DETAIL] S3 URL extracted for 698b59c6501621aac40971d5
2026-08-15 18:21:41,973 - INFO - [DOWNLOAD] Success: LASYA_vnegCC_vG64y8.docx (28013 bytes) from S3
2026-08-15 18:21:41,973 - INFO - [RESUME-SKIP] Marked 698b59c6501621aac40971d5 as downloaded
2026-08-15 18:21:41,973 - INFO - [S3-RECOVERY] Stored S3 URL for 698b59c6501621aac40971d5
2026-08-15 18:21:41,974 - INFO - [BULLETPROOF] Success on attempt 1
2026-08-15 18:21:41,974 - INFO - [PARALLEL-DOWNLOAD] Successfully downloaded 698b59c6501621aac40971d5
2026-08-15 18:21:47,857 - INFO - [FETCH] Resume list page 174 retrieved
2026-08-15 18:21:47,857 - INFO - [FETCH-STORE] Page 174: 15 new IDs stored, 0 duplicates skipped
2026-08-15 18:21:51,984 - INFO - [BULLETPROOF] Attempt 1/5
2026-08-15 18:21:56,110 - INFO - [FETCH] Resume list page 175 retrieved
2026-08-15 18:21:56,111 - INFO - [FETCH-STORE] Page 175: 13 new IDs stored, 0 duplicates skipped
2026-08-15 18:22:03,377 - ERROR - [ERROR] Download failed for 6983ac22806bdffbd70ccb0b: URL can't contain control characters. '/eUi8nu-vHtIWP-pITqqs-Sai Lasya Priya Kamma 3.docx' (found at least ' ')
2026-08-15 18:22:10,365 - INFO - [FETCH] Resume list page 176 retrieved
2026-08-15 18:22:10,365 - INFO - [FETCH-STORE] Page 176: 14 new IDs stored, 0 duplicates skipped
2026-08-15 18:22:18,609 - INFO - [FETCH] Resume list page 177 retrieved
2026-08-15 18:22:18,609 - INFO - [FETCH-STORE] Page 177: 15 new IDs stored, 0 duplicates skipped
2026-08-15 18:22:26,676 - INFO - [FETCH] Resume list page 178 retrieved
2026-08-15 18:22:26,677 - INFO - [FETCH-STORE] Page 178: 13 new IDs stored, 0 duplicates skipped
2026-08-15 18:22:33,408 - INFO - [BULLETPROOF] Attempt 2/5
2026-08-15 18:22:34,831 - INFO - [FETCH] Resume list page 179 retrieved
2026-08-15 18:22:34,832 - INFO - [FETCH-STORE] Page 179: 14 new IDs stored, 0 duplicates skipped
2026-08-15 18:22:42,230 - ERROR - [ERROR] Download failed for 6983ac22806bdffbd70ccb0b: URL can't contain control characters. '/eUi8nu-vHtIWP-pITqqs-Sai Lasya Priya Kamma 3.docx' (found at least ' ')
2026-08-15 18:22:49,169 - INFO - [FETCH] Resume list page 180 retrieved
2026-08-15 18:22:49,169 - INFO - [FETCH-STORE] Page 180: 12 new IDs stored, 0 duplicates skipped
2026-08-15 18:22:57,394 - INFO - [FETCH] Resume list page 181 retrieved
2026-08-15 18:22:57,395 - INFO - [FETCH-STORE] Page 181: 14 new IDs stored, 0 duplicates skipped
2026-08-15 18:23:05,628 - INFO - [FETCH] Resume list page 182 retrieved
2026-08-15 18:23:05,629 - INFO - [FETCH-STORE] Page 182: 15 new IDs stored, 0 duplicates skipped
2026-08-15 18:23:12,263 - INFO - [BULLETPROOF] Attempt 3/5
2026-08-15 18:23:13,849 - INFO - [FETCH] Resume list page 183 retrieved
2026-08-15 18:23:13,850 - INFO - [FETCH-STORE] Page 183: 14 new IDs stored, 0 duplicates skipped
2026-08-15 18:23:21,102 - ERROR - [ERROR] Download failed for 6983ac22806bdffbd70ccb0b: URL can't contain control characters. '/eUi8nu-vHtIWP-pITqqs-Sai Lasya Priya Kamma 3.docx' (found at least ' ')
2026-08-15 18:23:28,109 - INFO - [FETCH] Resume list page 184 retrieved
2026-08-15 18:23:28,109 - INFO - [FETCH-STORE] Page 184: 14 new IDs stored, 0 duplicates skipped
2026-08-15 18:23:36,211 - INFO - [FETCH] Resume list page 185 retrieved
2026-08-15 18:23:36,212 - INFO - [FETCH-STORE] Page 185: 15 new IDs stored, 0 duplicates skipped
2026-08-15 18:23:44,309 - INFO - [FETCH] Resume list page 186 retrieved
2026-08-15 18:23:44,310 - INFO - [FETCH-STORE] Page 186: 15 new IDs stored, 0 duplicates skipped
2026-08-15 18:23:51,133 - INFO - [BULLETPROOF] Attempt 4/5
2026-08-15 18:23:52,508 - INFO - [FETCH] Resume list page 187 retrieved
2026-08-15 18:23:52,509 - INFO - [FETCH-STORE] Page 187: 15 new IDs stored, 0 duplicates skipped
2026-08-15 18:24:00,060 - ERROR - [ERROR] Download failed for 6983ac22806bdffbd70ccb0b: URL can't contain control characters. '/eUi8nu-vHtIWP-pITqqs-Sai Lasya Priya Kamma 3.docx' (found at least ' ')
2026-08-15 18:24:07,067 - INFO - [FETCH] Resume list page 188 retrieved
2026-08-15 18:24:07,068 - INFO - [FETCH-STORE] Page 188: 14 new IDs stored, 0 duplicates skipped
2026-08-15 18:24:15,339 - INFO - [FETCH] Resume list page 189 retrieved
2026-08-15 18:24:15,339 - INFO - [FETCH-STORE] Page 189: 15 new IDs stored, 0 duplicates skipped
2026-08-15 18:24:23,521 - INFO - [FETCH] Resume list page 190 retrieved
2026-08-15 18:24:23,522 - INFO - [FETCH-STORE] Page 190: 15 new IDs stored, 0 duplicates skipped
2026-08-15 18:24:30,092 - INFO - [BULLETPROOF] Attempt 5/5
2026-08-15 18:24:31,799 - INFO - [FETCH] Resume list page 191 retrieved
2026-08-15 18:24:31,800 - INFO - [FETCH-STORE] Page 191: 13 new IDs stored, 0 duplicates skipped
2026-08-15 18:24:39,043 - ERROR - [ERROR] Download failed for 6983ac22806bdffbd70ccb0b: URL can't contain control characters. '/eUi8nu-vHtIWP-pITqqs-Sai Lasya Priya Kamma 3.docx' (found at least ' ')
2026-08-15 18:24:39,045 - WARNING - [PARALLEL-DOWNLOAD] Failed to download 6983ac22806bdffbd70ccb0b after all retries
2026-08-15 18:24:46,062 - INFO - [FETCH] Resume list page 192 retrieved
2026-08-15 18:24:46,063 - INFO - [FETCH-STORE] Page 192: 13 new IDs stored, 0 duplicates skipped
2026-08-15 18:24:49,055 - INFO - [BULLETPROOF] Attempt 1/5
2026-08-15 18:24:54,336 - INFO - [FETCH] Resume list page 193 retrieved
2026-08-15 18:24:54,337 - INFO - [FETCH-STORE] Page 193: 14 new IDs stored, 0 duplicates skipped
2026-08-15 18:25:01,585 - INFO - [DETAIL] S3 URL extracted for 698301ef4588c92ab6090110
2026-08-15 18:25:03,398 - INFO - [DOWNLOAD] Success: Valentino_Darisier_Resume_6decGk_50d5Au.pdf (322727 bytes) from S3
2026-08-15 18:25:03,398 - INFO - [RESUME-SKIP] Marked 698301ef4588c92ab6090110 as downloaded
2026-08-15 18:25:03,400 - INFO - [S3-RECOVERY] Stored S3 URL for 698301ef4588c92ab6090110
2026-08-15 18:25:03,400 - INFO - [BULLETPROOF] Success on attempt 1
2026-08-15 18:25:03,400 - INFO - [PARALLEL-DOWNLOAD] Successfully downloaded 698301ef4588c92ab6090110
2026-08-15 18:25:08,465 - INFO - [FETCH] Resume list page 194 retrieved
2026-08-15 18:25:08,466 - INFO - [FETCH-STORE] Page 194: 14 new IDs stored, 0 duplicates skipped
2026-08-15 18:25:13,414 - INFO - [BULLETPROOF] Attempt 1/5
2026-08-15 18:25:18,359 - INFO - [FETCH] Resume list page 195 retrieved
2026-08-15 18:25:18,360 - INFO - [FETCH-STORE] Page 195: 13 new IDs stored, 0 duplicates skipped
2026-08-15 18:25:25,528 - INFO - [DETAIL] S3 URL extracted for 697b9c338ca60f18e90c01a0
2026-08-15 18:25:27,418 - INFO - [DOWNLOAD] Success: Feryal_Ansari_Resume_HxT4xW_TZJha8.docx (366122 bytes) from S3
2026-08-15 18:25:27,419 - INFO - [RESUME-SKIP] Marked 697b9c338ca60f18e90c01a0 as downloaded
2026-08-15 18:25:27,419 - INFO - [S3-RECOVERY] Stored S3 URL for 697b9c338ca60f18e90c01a0
2026-08-15 18:25:27,419 - INFO - [BULLETPROOF] Success on attempt 1
2026-08-15 18:25:27,419 - INFO - [PARALLEL-DOWNLOAD] Successfully downloaded 697b9c338ca60f18e90c01a0
2026-08-15 18:25:32,435 - INFO - [FETCH] Resume list page 196 retrieved
2026-08-15 18:25:32,436 - INFO - [FETCH-STORE] Page 196: 13 new IDs stored, 0 duplicates skipped
2026-08-15 18:25:37,430 - INFO - [BULLETPROOF] Attempt 1/5
2026-08-15 18:25:40,750 - INFO - [FETCH] Resume list page 197 retrieved
2026-08-15 18:25:40,751 - INFO - [FETCH-STORE] Page 197: 14 new IDs stored, 0 duplicates skipped
2026-08-15 18:25:47,962 - INFO - [DETAIL] S3 URL extracted for 697a3174b8736fcc90019fd1
2026-08-15 18:25:49,025 - INFO - [DOWNLOAD] Success: Khawar_Ali_hr5iu8_BhnxMd.docx (16126 bytes) from S3
2026-08-15 18:25:49,025 - INFO - [RESUME-SKIP] Marked 697a3174b8736fcc90019fd1 as downloaded
2026-08-15 18:25:49,025 - INFO - [S3-RECOVERY] Stored S3 URL for 697a3174b8736fcc90019fd1
2026-08-15 18:25:49,025 - INFO - [BULLETPROOF] Success on attempt 1
2026-08-15 18:25:49,026 - INFO - [PARALLEL-DOWNLOAD] Successfully downloaded 697a3174b8736fcc90019fd1
2026-08-15 18:25:54,927 - INFO - [FETCH] Resume list page 198 retrieved
2026-08-15 18:25:54,927 - INFO - [FETCH-STORE] Page 198: 15 new IDs stored, 0 duplicates skipped
2026-08-15 18:25:59,036 - INFO - [BULLETPROOF] Attempt 1/5
2026-08-15 18:26:03,150 - INFO - [FETCH] Resume list page 199 retrieved
2026-08-15 18:26:03,151 - INFO - [FETCH-STORE] Page 199: 14 new IDs stored, 0 duplicates skipped
2026-08-15 18:26:10,308 - INFO - [DETAIL] S3 URL extracted for 69778cc639a96577950daf9f
2026-08-15 18:26:11,336 - INFO - [DOWNLOAD] Success: ServiceNow_Resume_1__m4x6g3_FVYujW.docx (28709 bytes) from S3
2026-08-15 18:26:11,336 - INFO - [RESUME-SKIP] Marked 69778cc639a96577950daf9f as downloaded
2026-08-15 18:26:11,336 - INFO - [S3-RECOVERY] Stored S3 URL for 69778cc639a96577950daf9f
2026-08-15 18:26:11,336 - INFO - [BULLETPROOF] Success on attempt 1
2026-08-15 18:26:11,337 - INFO - [PARALLEL-DOWNLOAD] Successfully downloaded 69778cc639a96577950daf9f
2026-08-15 18:26:17,258 - INFO - [FETCH] Resume list page 200 retrieved
2026-08-15 18:26:17,259 - INFO - [FETCH-STORE] Page 200: 15 new IDs stored, 0 duplicates skipped
2026-08-15 18:26:21,347 - INFO - [BULLETPROOF] Attempt 1/5
2026-08-15 18:26:25,445 - INFO - [FETCH] Resume list page 201 retrieved
2026-08-15 18:26:25,445 - INFO - [FETCH-STORE] Page 201: 14 new IDs stored, 0 duplicates skipped
2026-08-15 18:26:32,638 - INFO - [DETAIL] S3 URL extracted for 69727f22c9572768cb0498ef
2026-08-15 18:26:33,667 - INFO - [DOWNLOAD] Success: Hasan_Java_Full_Stack_developer_8qPp4M_1oY8Gr.docx (19768 bytes) from S3
2026-08-15 18:26:33,668 - INFO - [RESUME-SKIP] Marked 69727f22c9572768cb0498ef as downloaded
2026-08-15 18:26:33,668 - INFO - [S3-RECOVERY] Stored S3 URL for 69727f22c9572768cb0498ef
2026-08-15 18:26:33,668 - INFO - [BULLETPROOF] Success on attempt 1
2026-08-15 18:26:33,668 - INFO - [PARALLEL-DOWNLOAD] Successfully downloaded 69727f22c9572768cb0498ef
2026-08-15 18:26:39,622 - INFO - [FETCH] Resume list page 202 retrieved
2026-08-15 18:26:39,623 - INFO - [FETCH-STORE] Page 202: 14 new IDs stored, 0 duplicates skipped
2026-08-15 18:26:43,678 - INFO - [BULLETPROOF] Attempt 1/5
2026-08-15 18:26:47,831 - INFO - [FETCH] Resume list page 203 retrieved
2026-08-15 18:26:47,832 - INFO - [FETCH-STORE] Page 203: 14 new IDs stored, 0 duplicates skipped
2026-08-15 18:26:55,019 - ERROR - [ERROR] Download failed for 69727d42d656b893310f153b: URL can't contain control characters. '/Tkxxy2-pAEJx6-qR0t4e-Layaswi Resume.docx' (found at least ' ')
2026-08-15 18:27:01,985 - INFO - [FETCH] Resume list page 204 retrieved
2026-08-15 18:27:01,986 - INFO - [FETCH-STORE] Page 204: 14 new IDs stored, 0 duplicates skipped
2026-08-15 18:27:10,273 - INFO - [FETCH] Resume list page 205 retrieved
2026-08-15 18:27:10,273 - INFO - [FETCH-STORE] Page 205: 15 new IDs stored, 0 duplicates skipped
2026-08-15 18:27:18,513 - INFO - [FETCH] Resume list page 206 retrieved
2026-08-15 18:27:18,514 - INFO - [FETCH-STORE] Page 206: 14 new IDs stored, 0 duplicates skipped
2026-08-15 18:27:25,051 - INFO - [BULLETPROOF] Attempt 2/5
2026-08-15 18:27:26,818 - INFO - [FETCH] Resume list page 207 retrieved
2026-08-15 18:27:26,819 - INFO - [FETCH-STORE] Page 207: 15 new IDs stored, 0 duplicates skipped
2026-08-15 18:27:33,922 - ERROR - [ERROR] Download failed for 69727d42d656b893310f153b: URL can't contain control characters. '/Tkxxy2-pAEJx6-qR0t4e-Layaswi Resume.docx' (found at least ' ')
2026-08-15 18:27:40,912 - INFO - [FETCH] Resume list page 208 retrieved
2026-08-15 18:27:40,912 - INFO - [FETCH-STORE] Page 208: 14 new IDs stored, 0 duplicates skipped
2026-08-15 18:27:49,084 - INFO - [FETCH] Resume list page 209 retrieved
2026-08-15 18:27:49,085 - INFO - [FETCH-STORE] Page 209: 15 new IDs stored, 0 duplicates skipped
2026-08-15 18:27:57,224 - INFO - [FETCH] Resume list page 210 retrieved
2026-08-15 18:27:57,225 - INFO - [FETCH-STORE] Page 210: 15 new IDs stored, 0 duplicates skipped
2026-08-15 18:28:03,960 - INFO - [BULLETPROOF] Attempt 3/5
2026-08-15 18:28:05,297 - INFO - [FETCH] Resume list page 211 retrieved
2026-08-15 18:28:05,297 - INFO - [FETCH-STORE] Page 211: 14 new IDs stored, 0 duplicates skipped
2026-08-15 18:28:13,040 - ERROR - [ERROR] Download failed for 69727d42d656b893310f153b: URL can't contain control characters. '/Tkxxy2-pAEJx6-qR0t4e-Layaswi Resume.docx' (found at least ' ')
2026-08-15 18:28:19,949 - INFO - [FETCH] Resume list page 212 retrieved
2026-08-15 18:28:19,950 - INFO - [FETCH-STORE] Page 212: 14 new IDs stored, 0 duplicates skipped
2026-08-15 18:28:28,214 - INFO - [FETCH] Resume list page 213 retrieved
2026-08-15 18:28:28,214 - INFO - [FETCH-STORE] Page 213: 14 new IDs stored, 0 duplicates skipped
2026-08-15 18:28:36,442 - INFO - [FETCH] Resume list page 214 retrieved
2026-08-15 18:28:36,442 - INFO - [FETCH-STORE] Page 214: 15 new IDs stored, 0 duplicates skipped
2026-08-15 18:28:43,072 - INFO - [BULLETPROOF] Attempt 4/5
2026-08-15 18:28:44,624 - INFO - [FETCH] Resume list page 215 retrieved
2026-08-15 18:28:44,624 - INFO - [FETCH-STORE] Page 215: 15 new IDs stored, 0 duplicates skipped
2026-08-15 18:28:52,081 - ERROR - [ERROR] Download failed for 69727d42d656b893310f153b: URL can't contain control characters. '/Tkxxy2-pAEJx6-qR0t4e-Layaswi Resume.docx' (found at least ' ')
2026-08-15 18:28:59,115 - INFO - [FETCH] Resume list page 216 retrieved
2026-08-15 18:28:59,115 - INFO - [FETCH-STORE] Page 216: 15 new IDs stored, 0 duplicates skipped
2026-08-15 18:29:07,407 - INFO - [FETCH] Resume list page 217 retrieved
2026-08-15 18:29:07,407 - INFO - [FETCH-STORE] Page 217: 14 new IDs stored, 0 duplicates skipped
2026-08-15 18:29:15,582 - INFO - [FETCH] Resume list page 218 retrieved
2026-08-15 18:29:15,583 - INFO - [FETCH-STORE] Page 218: 14 new IDs stored, 0 duplicates skipped
2026-08-15 18:29:22,113 - INFO - [BULLETPROOF] Attempt 5/5
2026-08-15 18:29:23,778 - INFO - [FETCH] Resume list page 219 retrieved
2026-08-15 18:29:23,778 - INFO - [FETCH-STORE] Page 219: 14 new IDs stored, 0 duplicates skipped
2026-08-15 18:29:31,116 - ERROR - [ERROR] Download failed for 69727d42d656b893310f153b: URL can't contain control characters. '/Tkxxy2-pAEJx6-qR0t4e-Layaswi Resume.docx' (found at least ' ')
2026-08-15 18:29:31,118 - WARNING - [PARALLEL-DOWNLOAD] Failed to download 69727d42d656b893310f153b after all retries
2026-08-15 18:29:38,032 - INFO - [FETCH] Resume list page 220 retrieved
2026-08-15 18:29:38,033 - INFO - [FETCH-STORE] Page 220: 15 new IDs stored, 0 duplicates skipped
2026-08-15 18:29:41,129 - INFO - [BULLETPROOF] Attempt 1/5
2026-08-15 18:29:46,265 - INFO - [FETCH] Resume list page 221 retrieved
2026-08-15 18:29:46,265 - INFO - [FETCH-STORE] Page 221: 11 new IDs stored, 0 duplicates skipped
2026-08-15 18:29:53,436 - INFO - [DETAIL] S3 URL extracted for 69727bb604d915a3040f84c5
2026-08-15 18:29:54,504 - INFO - [DOWNLOAD] Success: Teja_Divi_wjPyxg_s6IXeh.docx (18581 bytes) from S3
2026-08-15 18:29:54,505 - INFO - [RESUME-SKIP] Marked 69727bb604d915a3040f84c5 as downloaded
2026-08-15 18:29:54,505 - INFO - [S3-RECOVERY] Stored S3 URL for 69727bb604d915a3040f84c5
2026-08-15 18:29:54,505 - INFO - [BULLETPROOF] Success on attempt 1
2026-08-15 18:29:54,505 - INFO - [PARALLEL-DOWNLOAD] Successfully downloaded 69727bb604d915a3040f84c5
2026-08-15 18:30:00,422 - INFO - [FETCH] Resume list page 222 retrieved
2026-08-15 18:30:00,423 - INFO - [FETCH-STORE] Page 222: 14 new IDs stored, 0 duplicates skipped
2026-08-15 18:30:04,515 - INFO - [BULLETPROOF] Attempt 1/5
2026-08-15 18:30:08,623 - INFO - [FETCH] Resume list page 223 retrieved
2026-08-15 18:30:08,624 - INFO - [FETCH-STORE] Page 223: 14 new IDs stored, 0 duplicates skipped
2026-08-15 18:30:15,873 - INFO - [DETAIL] S3 URL extracted for 69727ac367a781816503a74c
2026-08-15 18:30:16,978 - INFO - [DOWNLOAD] Success: Anitha_Fullstack_Developer_GwQlJy_NWarM3.docx (18137 bytes) from S3
2026-08-15 18:30:16,979 - INFO - [RESUME-SKIP] Marked 69727ac367a781816503a74c as downloaded
2026-08-15 18:30:16,979 - INFO - [S3-RECOVERY] Stored S3 URL for 69727ac367a781816503a74c
2026-08-15 18:30:16,979 - INFO - [BULLETPROOF] Success on attempt 1
2026-08-15 18:30:16,979 - INFO - [PARALLEL-DOWNLOAD] Successfully downloaded 69727ac367a781816503a74c
2026-08-15 18:30:22,923 - INFO - [FETCH] Resume list page 224 retrieved
2026-08-15 18:30:22,924 - INFO - [FETCH-STORE] Page 224: 13 new IDs stored, 0 duplicates skipped
2026-08-15 18:30:26,989 - INFO - [BULLETPROOF] Attempt 1/5
2026-08-15 18:30:31,115 - INFO - [FETCH] Resume list page 225 retrieved
2026-08-15 18:30:31,116 - INFO - [FETCH-STORE] Page 225: 14 new IDs stored, 0 duplicates skipped
2026-08-15 18:30:38,301 - INFO - [DETAIL] S3 URL extracted for 696fb1023c68409e75046541
2026-08-15 18:30:39,335 - INFO - [FETCH] Resume list page 226 retrieved
2026-08-15 18:30:39,335 - INFO - [FETCH-STORE] Page 226: 15 new IDs stored, 0 duplicates skipped
2026-08-15 18:30:39,592 - INFO - [DOWNLOAD] Success: AmruthaDataEngineer_x2mTsa_bEh3lX.pdf (67800 bytes) from S3
2026-08-15 18:30:39,592 - INFO - [RESUME-SKIP] Marked 696fb1023c68409e75046541 as downloaded
2026-08-15 18:30:39,592 - INFO - [S3-RECOVERY] Stored S3 URL for 696fb1023c68409e75046541
2026-08-15 18:30:39,592 - INFO - [BULLETPROOF] Success on attempt 1
2026-08-15 18:30:39,592 - INFO - [PARALLEL-DOWNLOAD] Successfully downloaded 696fb1023c68409e75046541
2026-08-15 18:30:47,572 - INFO - [FETCH] Resume list page 227 retrieved
2026-08-15 18:30:47,573 - INFO - [FETCH-STORE] Page 227: 15 new IDs stored, 0 duplicates skipped
2026-08-15 18:30:49,602 - INFO - [BULLETPROOF] Attempt 1/5
2026-08-15 18:30:55,698 - INFO - [FETCH] Resume list page 228 retrieved
2026-08-15 18:30:55,699 - INFO - [FETCH-STORE] Page 228: 15 new IDs stored, 0 duplicates skipped
2026-08-15 18:31:02,843 - INFO - [DETAIL] S3 URL extracted for 696d83aad087ae833806e199
2026-08-15 18:31:03,897 - INFO - [DOWNLOAD] Success: Pradeep_SNow_CV_V5YrrY_BapitQ.docx (17969 bytes) from S3
2026-08-15 18:31:03,898 - INFO - [RESUME-SKIP] Marked 696d83aad087ae833806e199 as downloaded
2026-08-15 18:31:03,898 - INFO - [S3-RECOVERY] Stored S3 URL for 696d83aad087ae833806e199
2026-08-15 18:31:03,898 - INFO - [BULLETPROOF] Success on attempt 1
2026-08-15 18:31:03,899 - INFO - [PARALLEL-DOWNLOAD] Successfully downloaded 696d83aad087ae833806e199
2026-08-15 18:31:09,847 - INFO - [FETCH] Resume list page 229 retrieved
2026-08-15 18:31:09,848 - INFO - [FETCH-STORE] Page 229: 14 new IDs stored, 0 duplicates skipped
2026-08-15 18:31:13,909 - INFO - [BULLETPROOF] Attempt 1/5
2026-08-15 18:31:17,906 - INFO - [FETCH] Resume list page 230 retrieved
2026-08-15 18:31:17,907 - INFO - [FETCH-STORE] Page 230: 15 new IDs stored, 0 duplicates skipped
2026-08-15 18:31:25,099 - INFO - [DETAIL] S3 URL extracted for 696a74195914e45af00679c6
2026-08-15 18:31:26,409 - INFO - [DOWNLOAD] Success: SD_Resume_rPlT0l_VPfrvR.pdf (102828 bytes) from S3
2026-08-15 18:31:26,410 - INFO - [RESUME-SKIP] Marked 696a74195914e45af00679c6 as downloaded
2026-08-15 18:31:26,410 - INFO - [S3-RECOVERY] Stored S3 URL for 696a74195914e45af00679c6
2026-08-15 18:31:26,410 - INFO - [BULLETPROOF] Success on attempt 1
2026-08-15 18:31:26,410 - INFO - [PARALLEL-DOWNLOAD] Successfully downloaded 696a74195914e45af00679c6
2026-08-15 18:31:32,137 - INFO - [FETCH] Resume list page 231 retrieved
2026-08-15 18:31:32,138 - INFO - [FETCH-STORE] Page 231: 15 new IDs stored, 0 duplicates skipped
2026-08-15 18:31:36,420 - INFO - [BULLETPROOF] Attempt 1/5
2026-08-15 18:31:40,332 - INFO - [FETCH] Resume list page 232 retrieved
2026-08-15 18:31:40,332 - INFO - [FETCH-STORE] Page 232: 15 new IDs stored, 0 duplicates skipped
2026-08-15 18:31:47,589 - INFO - [DETAIL] S3 URL extracted for 69693245302dc110a80d2385
2026-08-15 18:31:48,897 - INFO - [DOWNLOAD] Success: AndrewsM_Resume_SNow_Dev_1__zEuKSx_JlDGiV.pdf (91108 bytes) from S3
2026-08-15 18:31:48,898 - INFO - [RESUME-SKIP] Marked 69693245302dc110a80d2385 as downloaded
2026-08-15 18:31:48,898 - INFO - [S3-RECOVERY] Stored S3 URL for 69693245302dc110a80d2385
2026-08-15 18:31:48,898 - INFO - [BULLETPROOF] Success on attempt 1
2026-08-15 18:31:48,898 - INFO - [PARALLEL-DOWNLOAD] Successfully downloaded 69693245302dc110a80d2385
2026-08-15 18:31:54,570 - INFO - [FETCH] Resume list page 233 retrieved
2026-08-15 18:31:54,571 - INFO - [FETCH-STORE] Page 233: 15 new IDs stored, 0 duplicates skipped
2026-08-15 18:31:58,908 - INFO - [BULLETPROOF] Attempt 1/5
2026-08-15 18:32:02,833 - INFO - [FETCH] Resume list page 234 retrieved
2026-08-15 18:32:02,833 - INFO - [FETCH-STORE] Page 234: 13 new IDs stored, 0 duplicates skipped
2026-08-15 18:32:09,976 - INFO - [DETAIL] S3 URL extracted for 696928868add04828a0ffb45
2026-08-15 18:32:11,066 - INFO - [DOWNLOAD] Success: Updated_Resume_WP_copy_eVaYgG_bsOJDl.docx (15606 bytes) from S3
2026-08-15 18:32:11,066 - INFO - [RESUME-SKIP] Marked 696928868add04828a0ffb45 as downloaded
2026-08-15 18:32:11,067 - INFO - [S3-RECOVERY] Stored S3 URL for 696928868add04828a0ffb45
2026-08-15 18:32:11,067 - INFO - [BULLETPROOF] Success on attempt 1
2026-08-15 18:32:11,067 - INFO - [PARALLEL-DOWNLOAD] Successfully downloaded 696928868add04828a0ffb45
2026-08-15 18:32:16,846 - INFO - [FETCH] Resume list page 235 retrieved
2026-08-15 18:32:16,847 - INFO - [FETCH-STORE] Page 235: 13 new IDs stored, 0 duplicates skipped
2026-08-15 18:32:21,077 - INFO - [BULLETPROOF] Attempt 1/5
2026-08-15 18:32:25,071 - INFO - [FETCH] Resume list page 236 retrieved
2026-08-15 18:32:25,072 - INFO - [FETCH-STORE] Page 236: 15 new IDs stored, 0 duplicates skipped
2026-08-15 18:32:32,265 - INFO - [DETAIL] S3 URL extracted for 69683fcce07d46910a049f08
2026-08-15 18:32:33,560 - INFO - [DOWNLOAD] Success: TEDDY_UDEAJA_5wPPJZ_16zJQE.pdf (102188 bytes) from S3
2026-08-15 18:32:33,560 - INFO - [RESUME-SKIP] Marked 69683fcce07d46910a049f08 as downloaded
2026-08-15 18:32:33,560 - INFO - [S3-RECOVERY] Stored S3 URL for 69683fcce07d46910a049f08
2026-08-15 18:32:33,560 - INFO - [BULLETPROOF] Success on attempt 1
2026-08-15 18:32:33,561 - INFO - [PARALLEL-DOWNLOAD] Successfully downloaded 69683fcce07d46910a049f08
2026-08-15 18:32:39,282 - INFO - [FETCH] Resume list page 237 retrieved
2026-08-15 18:32:39,282 - INFO - [FETCH-STORE] Page 237: 15 new IDs stored, 0 duplicates skipped
2026-08-15 18:32:43,571 - INFO - [BULLETPROOF] Attempt 1/5
2026-08-15 18:32:47,457 - INFO - [FETCH] Resume list page 238 retrieved
2026-08-15 18:32:47,458 - INFO - [FETCH-STORE] Page 238: 14 new IDs stored, 0 duplicates skipped
2026-08-15 18:32:54,719 - INFO - [DETAIL] S3 URL extracted for 6966f4138e42dbc40c0c5ac7
2026-08-15 18:32:55,791 - INFO - [DOWNLOAD] Success: Ayafor_Divine_CV__qi46cF_vGX0cS.docx (16414 bytes) from S3
2026-08-15 18:32:55,792 - INFO - [RESUME-SKIP] Marked 6966f4138e42dbc40c0c5ac7 as downloaded
2026-08-15 18:32:55,792 - INFO - [S3-RECOVERY] Stored S3 URL for 6966f4138e42dbc40c0c5ac7
2026-08-15 18:32:55,792 - INFO - [BULLETPROOF] Success on attempt 1
2026-08-15 18:32:55,792 - INFO - [PARALLEL-DOWNLOAD] Successfully downloaded 6966f4138e42dbc40c0c5ac7
2026-08-15 18:33:01,721 - INFO - [FETCH] Resume list page 239 retrieved
2026-08-15 18:33:01,722 - INFO - [FETCH-STORE] Page 239: 14 new IDs stored, 0 duplicates skipped
2026-08-15 18:33:05,809 - INFO - [BULLETPROOF] Attempt 1/5
2026-08-15 18:33:09,993 - INFO - [FETCH] Resume list page 240 retrieved
2026-08-15 18:33:09,994 - INFO - [FETCH-STORE] Page 240: 15 new IDs stored, 0 duplicates skipped
2026-08-15 18:33:17,167 - INFO - [DETAIL] S3 URL extracted for 69669f885914e45af006774a
2026-08-15 18:33:18,183 - INFO - [DOWNLOAD] Success: M_Farhan_Malik_ServiceNow_bnd2Lf_bcuzIo.docx (18284 bytes) from S3
2026-08-15 18:33:18,184 - INFO - [RESUME-SKIP] Marked 69669f885914e45af006774a as downloaded
2026-08-15 18:33:18,184 - INFO - [S3-RECOVERY] Stored S3 URL for 69669f885914e45af006774a
2026-08-15 18:33:18,184 - INFO - [BULLETPROOF] Success on attempt 1
2026-08-15 18:33:18,184 - INFO - [PARALLEL-DOWNLOAD] Successfully downloaded 69669f885914e45af006774a
2026-08-15 18:33:24,070 - INFO - [FETCH] Resume list page 241 retrieved
2026-08-15 18:33:24,071 - INFO - [FETCH-STORE] Page 241: 13 new IDs stored, 0 duplicates skipped
2026-08-15 18:33:28,194 - INFO - [BULLETPROOF] Attempt 1/5
2026-08-15 18:33:32,360 - INFO - [FETCH] Resume list page 242 retrieved
2026-08-15 18:33:32,361 - INFO - [FETCH-STORE] Page 242: 15 new IDs stored, 0 duplicates skipped
2026-08-15 18:33:39,498 - INFO - [DETAIL] S3 URL extracted for 696682a058d3c830e40d1315
2026-08-15 18:33:41,096 - INFO - [DOWNLOAD] Success: fEI9wf-slke7p-eA8SS4-Ali%20Bangash%20Resume.pdf (126785 bytes) from S3
2026-08-15 18:33:41,096 - INFO - [RESUME-SKIP] Marked 696682a058d3c830e40d1315 as downloaded
2026-08-15 18:33:41,097 - INFO - [S3-RECOVERY] Stored S3 URL for 696682a058d3c830e40d1315
2026-08-15 18:33:41,097 - INFO - [BULLETPROOF] Success on attempt 1
2026-08-15 18:33:41,097 - INFO - [PARALLEL-DOWNLOAD] Successfully downloaded 696682a058d3c830e40d1315
2026-08-15 18:33:46,354 - INFO - [FETCH] Resume list page 243 retrieved
2026-08-15 18:33:46,355 - INFO - [FETCH-STORE] Page 243: 14 new IDs stored, 0 duplicates skipped
2026-08-15 18:33:51,107 - INFO - [BULLETPROOF] Attempt 1/5
2026-08-15 18:33:54,586 - INFO - [FETCH] Resume list page 244 retrieved
2026-08-15 18:33:54,587 - INFO - [FETCH-STORE] Page 244: 15 new IDs stored, 0 duplicates skipped
2026-08-15 18:34:01,807 - ERROR - [ERROR] Download failed for 6983ac22806bdffbd70ccb0b: URL can't contain control characters. '/eUi8nu-vHtIWP-pITqqs-Sai Lasya Priya Kamma 3.docx' (found at least ' ')
2026-08-15 18:34:08,818 - INFO - [FETCH] Resume list page 245 retrieved
2026-08-15 18:34:08,819 - INFO - [FETCH-STORE] Page 245: 13 new IDs stored, 0 duplicates skipped
2026-08-15 18:34:16,979 - INFO - [FETCH] Resume list page 246 retrieved
2026-08-15 18:34:16,980 - INFO - [FETCH-STORE] Page 246: 15 new IDs stored, 0 duplicates skipped
2026-08-15 18:34:25,205 - INFO - [FETCH] Resume list page 247 retrieved
2026-08-15 18:34:25,206 - INFO - [FETCH-STORE] Page 247: 14 new IDs stored, 0 duplicates skipped
2026-08-15 18:34:31,839 - INFO - [BULLETPROOF] Attempt 2/5
2026-08-15 18:34:33,431 - INFO - [FETCH] Resume list page 248 retrieved
2026-08-15 18:34:33,431 - INFO - [FETCH-STORE] Page 248: 15 new IDs stored, 0 duplicates skipped
2026-08-15 18:34:40,821 - ERROR - [ERROR] Download failed for 6983ac22806bdffbd70ccb0b: URL can't contain control characters. '/eUi8nu-vHtIWP-pITqqs-Sai Lasya Priya Kamma 3.docx' (found at least ' ')
2026-08-15 18:34:47,727 - INFO - [FETCH] Resume list page 249 retrieved
2026-08-15 18:34:47,728 - INFO - [FETCH-STORE] Page 249: 15 new IDs stored, 0 duplicates skipped
2026-08-15 18:34:55,964 - INFO - [FETCH] Resume list page 250 retrieved
2026-08-15 18:34:55,965 - INFO - [FETCH-STORE] Page 250: 14 new IDs stored, 0 duplicates skipped
2026-08-15 18:35:04,282 - INFO - [FETCH] Resume list page 251 retrieved
2026-08-15 18:35:04,283 - INFO - [FETCH-STORE] Page 251: 14 new IDs stored, 0 duplicates skipped
2026-08-15 18:35:10,854 - INFO - [BULLETPROOF] Attempt 3/5
2026-08-15 18:35:12,424 - INFO - [FETCH] Resume list page 252 retrieved
2026-08-15 18:35:12,425 - INFO - [FETCH-STORE] Page 252: 15 new IDs stored, 0 duplicates skipped
2026-08-15 18:35:19,749 - ERROR - [ERROR] Download failed for 6983ac22806bdffbd70ccb0b: URL can't contain control characters. '/eUi8nu-vHtIWP-pITqqs-Sai Lasya Priya Kamma 3.docx' (found at least ' ')
2026-08-15 18:35:26,785 - INFO - [FETCH] Resume list page 253 retrieved
2026-08-15 18:35:26,786 - INFO - [FETCH-STORE] Page 253: 15 new IDs stored, 0 duplicates skipped
2026-08-15 18:35:35,001 - INFO - [FETCH] Resume list page 254 retrieved
2026-08-15 18:35:35,002 - INFO - [FETCH-STORE] Page 254: 15 new IDs stored, 0 duplicates skipped
2026-08-15 18:35:43,248 - INFO - [FETCH] Resume list page 255 retrieved
2026-08-15 18:35:43,249 - INFO - [FETCH-STORE] Page 255: 15 new IDs stored, 0 duplicates skipped
2026-08-15 18:35:49,781 - INFO - [BULLETPROOF] Attempt 4/5
2026-08-15 18:35:51,388 - INFO - [FETCH] Resume list page 256 retrieved
2026-08-15 18:35:51,389 - INFO - [FETCH-STORE] Page 256: 15 new IDs stored, 0 duplicates skipped
2026-08-15 18:35:58,865 - ERROR - [ERROR] Download failed for 6983ac22806bdffbd70ccb0b: URL can't contain control characters. '/eUi8nu-vHtIWP-pITqqs-Sai Lasya Priya Kamma 3.docx' (found at least ' ')
2026-08-15 18:36:05,853 - INFO - [FETCH] Resume list page 257 retrieved
2026-08-15 18:36:05,854 - INFO - [FETCH-STORE] Page 257: 14 new IDs stored, 0 duplicates skipped
2026-08-15 18:36:14,017 - INFO - [FETCH] Resume list page 258 retrieved
2026-08-15 18:36:14,018 - INFO - [FETCH-STORE] Page 258: 14 new IDs stored, 0 duplicates skipped
2026-08-15 18:36:22,247 - INFO - [FETCH] Resume list page 259 retrieved
2026-08-15 18:36:22,248 - INFO - [FETCH-STORE] Page 259: 13 new IDs stored, 0 duplicates skipped
2026-08-15 18:36:28,897 - INFO - [BULLETPROOF] Attempt 5/5
2026-08-15 18:36:30,485 - INFO - [FETCH] Resume list page 260 retrieved
2026-08-15 18:36:30,486 - INFO - [FETCH-STORE] Page 260: 14 new IDs stored, 0 duplicates skipped
2026-08-15 18:36:37,750 - ERROR - [ERROR] Download failed for 6983ac22806bdffbd70ccb0b: URL can't contain control characters. '/eUi8nu-vHtIWP-pITqqs-Sai Lasya Priya Kamma 3.docx' (found at least ' ')
2026-08-15 18:36:37,751 - WARNING - [PARALLEL-DOWNLOAD] Failed to download 6983ac22806bdffbd70ccb0b after all retries
2026-08-15 18:36:44,725 - INFO - [FETCH] Resume list page 261 retrieved
2026-08-15 18:36:44,726 - INFO - [FETCH-STORE] Page 261: 15 new IDs stored, 0 duplicates skipped
2026-08-15 18:36:47,761 - INFO - [BULLETPROOF] Attempt 1/5
2026-08-15 18:36:52,962 - INFO - [FETCH] Resume list page 262 retrieved
2026-08-15 18:36:52,963 - INFO - [FETCH-STORE] Page 262: 14 new IDs stored, 0 duplicates skipped
2026-08-15 18:37:00,177 - ERROR - [ERROR] Download failed for 69665a2422119809c30e879a: URL can't contain control characters. '/v2WA3B-ClglkF-RABbUB-Farman Ali Khan Resume.pdf' (found at least ' ')
2026-08-15 18:37:07,103 - INFO - [FETCH] Resume list page 263 retrieved
2026-08-15 18:37:07,103 - INFO - [FETCH-STORE] Page 263: 15 new IDs stored, 0 duplicates skipped
2026-08-15 18:37:15,231 - INFO - [FETCH] Resume list page 264 retrieved
2026-08-15 18:37:15,231 - INFO - [FETCH-STORE] Page 264: 13 new IDs stored, 0 duplicates skipped
2026-08-15 18:37:23,390 - INFO - [FETCH] Resume list page 265 retrieved
2026-08-15 18:37:23,391 - INFO - [FETCH-STORE] Page 265: 15 new IDs stored, 0 duplicates skipped
2026-08-15 18:37:30,209 - INFO - [BULLETPROOF] Attempt 2/5
2026-08-15 18:37:31,545 - INFO - [FETCH] Resume list page 266 retrieved
2026-08-15 18:37:31,546 - INFO - [FETCH-STORE] Page 266: 15 new IDs stored, 0 duplicates skipped
2026-08-15 18:37:39,119 - ERROR - [ERROR] Download failed for 69665a2422119809c30e879a: URL can't contain control characters. '/v2WA3B-ClglkF-RABbUB-Farman Ali Khan Resume.pdf' (found at least ' ')
2026-08-15 18:37:46,058 - INFO - [FETCH] Resume list page 267 retrieved
2026-08-15 18:37:46,059 - INFO - [FETCH-STORE] Page 267: 15 new IDs stored, 0 duplicates skipped
2026-08-15 18:37:54,262 - INFO - [FETCH] Resume list page 268 retrieved
2026-08-15 18:37:54,262 - INFO - [FETCH-STORE] Page 268: 15 new IDs stored, 0 duplicates skipped
2026-08-15 18:38:02,546 - INFO - [FETCH] Resume list page 269 retrieved
2026-08-15 18:38:02,547 - INFO - [FETCH-STORE] Page 269: 14 new IDs stored, 0 duplicates skipped
2026-08-15 18:38:09,152 - INFO - [BULLETPROOF] Attempt 3/5
2026-08-15 18:38:10,852 - INFO - [FETCH] Resume list page 270 retrieved
2026-08-15 18:38:10,853 - INFO - [FETCH-STORE] Page 270: 14 new IDs stored, 0 duplicates skipped
2026-08-15 18:38:18,037 - ERROR - [ERROR] Download failed for 69665a2422119809c30e879a: URL can't contain control characters. '/v2WA3B-ClglkF-RABbUB-Farman Ali Khan Resume.pdf' (found at least ' ')
2026-08-15 18:38:25,051 - INFO - [FETCH] Resume list page 271 retrieved
2026-08-15 18:38:25,051 - INFO - [FETCH-STORE] Page 271: 15 new IDs stored, 0 duplicates skipped
2026-08-15 18:38:33,225 - INFO - [FETCH] Resume list page 272 retrieved
2026-08-15 18:38:33,225 - INFO - [FETCH-STORE] Page 272: 15 new IDs stored, 0 duplicates skipped
2026-08-15 18:38:41,372 - INFO - [FETCH] Resume list page 273 retrieved
2026-08-15 18:38:41,372 - INFO - [FETCH-STORE] Page 273: 15 new IDs stored, 0 duplicates skipped
2026-08-15 18:38:48,068 - INFO - [BULLETPROOF] Attempt 4/5
2026-08-15 18:38:49,457 - INFO - [FETCH] Resume list page 274 retrieved
2026-08-15 18:38:49,458 - INFO - [FETCH-STORE] Page 274: 14 new IDs stored, 0 duplicates skipped
2026-08-15 18:38:57,061 - ERROR - [ERROR] Download failed for 69665a2422119809c30e879a: URL can't contain control characters. '/v2WA3B-ClglkF-RABbUB-Farman Ali Khan Resume.pdf' (found at least ' ')
2026-08-15 18:39:03,947 - INFO - [FETCH] Resume list page 275 retrieved
2026-08-15 18:39:03,947 - INFO - [FETCH-STORE] Page 275: 13 new IDs stored, 0 duplicates skipped
2026-08-15 18:39:12,119 - INFO - [FETCH] Resume list page 276 retrieved
2026-08-15 18:39:12,120 - INFO - [FETCH-STORE] Page 276: 15 new IDs stored, 0 duplicates skipped
2026-08-15 18:39:20,259 - INFO - [FETCH] Resume list page 277 retrieved
2026-08-15 18:39:20,260 - INFO - [FETCH-STORE] Page 277: 15 new IDs stored, 0 duplicates skipped
2026-08-15 18:39:27,093 - INFO - [BULLETPROOF] Attempt 5/5
2026-08-15 18:39:28,541 - INFO - [FETCH] Resume list page 278 retrieved
2026-08-15 18:39:28,542 - INFO - [FETCH-STORE] Page 278: 15 new IDs stored, 0 duplicates skipped
2026-08-15 18:39:36,077 - ERROR - [ERROR] Download failed for 69665a2422119809c30e879a: URL can't contain control characters. '/v2WA3B-ClglkF-RABbUB-Farman Ali Khan Resume.pdf' (found at least ' ')
2026-08-15 18:39:36,079 - WARNING - [PARALLEL-DOWNLOAD] Failed to download 69665a2422119809c30e879a after all retries
2026-08-15 18:39:42,987 - INFO - [FETCH] Resume list page 279 retrieved
2026-08-15 18:39:42,987 - INFO - [FETCH-STORE] Page 279: 15 new IDs stored, 0 duplicates skipped
2026-08-15 18:39:46,089 - INFO - [BULLETPROOF] Attempt 1/5
2026-08-15 18:39:51,135 - INFO - [FETCH] Resume list page 280 retrieved
2026-08-15 18:39:51,135 - INFO - [FETCH-STORE] Page 280: 14 new IDs stored, 0 duplicates skipped
2026-08-15 18:39:58,321 - INFO - [DETAIL] S3 URL extracted for 6965834a58ad3ff2cb0ca42a
2026-08-15 18:40:00,107 - INFO - [DOWNLOAD] Success: SDA0126R3P_WK3TeP_LNiTdh.pdf (269361 bytes) from S3
2026-08-15 18:40:00,107 - INFO - [RESUME-SKIP] Marked 6965834a58ad3ff2cb0ca42a as downloaded
2026-08-15 18:40:00,108 - INFO - [S3-RECOVERY] Stored S3 URL for 6965834a58ad3ff2cb0ca42a
2026-08-15 18:40:00,108 - INFO - [BULLETPROOF] Success on attempt 1
2026-08-15 18:40:00,108 - INFO - [PARALLEL-DOWNLOAD] Successfully downloaded 6965834a58ad3ff2cb0ca42a
2026-08-15 18:40:05,270 - INFO - [FETCH] Resume list page 281 retrieved
2026-08-15 18:40:05,271 - INFO - [FETCH-STORE] Page 281: 15 new IDs stored, 0 duplicates skipped
2026-08-15 18:40:10,118 - INFO - [BULLETPROOF] Attempt 1/5
2026-08-15 18:40:13,542 - INFO - [FETCH] Resume list page 282 retrieved
2026-08-15 18:40:13,543 - INFO - [FETCH-STORE] Page 282: 15 new IDs stored, 0 duplicates skipped
2026-08-15 18:40:20,718 - INFO - [DETAIL] S3 URL extracted for 695285a03563d65eca0e7ac5
2026-08-15 18:40:22,027 - INFO - [DOWNLOAD] Success: TianJian_Wang_Resume_sDVbfL_lUEknf.pdf (68990 bytes) from S3
2026-08-15 18:40:22,027 - INFO - [RESUME-SKIP] Marked 695285a03563d65eca0e7ac5 as downloaded
2026-08-15 18:40:22,027 - INFO - [S3-RECOVERY] Stored S3 URL for 695285a03563d65eca0e7ac5
2026-08-15 18:40:22,027 - INFO - [BULLETPROOF] Success on attempt 1
2026-08-15 18:40:22,028 - INFO - [PARALLEL-DOWNLOAD] Successfully downloaded 695285a03563d65eca0e7ac5
2026-08-15 18:40:27,631 - INFO - [FETCH] Resume list page 283 retrieved
2026-08-15 18:40:27,631 - INFO - [FETCH-STORE] Page 283: 15 new IDs stored, 0 duplicates skipped
2026-08-15 18:40:32,038 - INFO - [BULLETPROOF] Attempt 1/5
2026-08-15 18:40:35,768 - INFO - [FETCH] Resume list page 284 retrieved
2026-08-15 18:40:35,768 - INFO - [FETCH-STORE] Page 284: 13 new IDs stored, 0 duplicates skipped
2026-08-15 18:40:42,906 - INFO - [DETAIL] S3 URL extracted for 6946d79722f252f7d10fcb6b
2026-08-15 18:40:44,447 - INFO - [DOWNLOAD] Success: Aditya_Patadiya_Software_Engineering_bUkt9z_d1CT1V.pdf (118428 bytes) from S3
2026-08-15 18:40:44,448 - INFO - [RESUME-SKIP] Marked 6946d79722f252f7d10fcb6b as downloaded
2026-08-15 18:40:44,448 - INFO - [S3-RECOVERY] Stored S3 URL for 6946d79722f252f7d10fcb6b
2026-08-15 18:40:44,448 - INFO - [BULLETPROOF] Success on attempt 1
2026-08-15 18:40:44,448 - INFO - [PARALLEL-DOWNLOAD] Successfully downloaded 6946d79722f252f7d10fcb6b
2026-08-15 18:40:49,855 - INFO - [FETCH] Resume list page 285 retrieved
2026-08-15 18:40:49,856 - INFO - [FETCH-STORE] Page 285: 14 new IDs stored, 0 duplicates skipped
2026-08-15 18:40:54,458 - INFO - [BULLETPROOF] Attempt 1/5
2026-08-15 18:40:58,023 - INFO - [FETCH] Resume list page 286 retrieved
2026-08-15 18:40:58,024 - INFO - [FETCH-STORE] Page 286: 14 new IDs stored, 0 duplicates skipped
2026-08-15 18:41:05,186 - INFO - [DETAIL] S3 URL extracted for 694184cb8aa50e62be07a8c7
2026-08-15 18:41:06,493 - INFO - [DOWNLOAD] Success: Ansh_kumar_Resume_8028El_vL19pn.pdf (56543 bytes) from S3
2026-08-15 18:41:06,493 - INFO - [RESUME-SKIP] Marked 694184cb8aa50e62be07a8c7 as downloaded
2026-08-15 18:41:06,493 - INFO - [S3-RECOVERY] Stored S3 URL for 694184cb8aa50e62be07a8c7
2026-08-15 18:41:06,493 - INFO - [BULLETPROOF] Success on attempt 1
2026-08-15 18:41:06,494 - INFO - [PARALLEL-DOWNLOAD] Successfully downloaded 694184cb8aa50e62be07a8c7
2026-08-15 18:41:12,122 - INFO - [FETCH] Resume list page 287 retrieved
2026-08-15 18:41:12,122 - INFO - [FETCH-STORE] Page 287: 15 new IDs stored, 0 duplicates skipped
2026-08-15 18:41:16,504 - INFO - [BULLETPROOF] Attempt 1/5
2026-08-15 18:41:20,305 - INFO - [FETCH] Resume list page 288 retrieved
2026-08-15 18:41:20,306 - INFO - [FETCH-STORE] Page 288: 15 new IDs stored, 0 duplicates skipped
2026-08-15 18:41:27,586 - INFO - [DETAIL] S3 URL extracted for 6940480940f8b8a9750b6566
2026-08-15 18:41:28,665 - INFO - [DOWNLOAD] Success: Chaitanya_Python_Developer_1__iGobmO_RZTvBV.docx (23604 bytes) from S3
2026-08-15 18:41:28,666 - INFO - [RESUME-SKIP] Marked 6940480940f8b8a9750b6566 as downloaded
2026-08-15 18:41:28,666 - INFO - [S3-RECOVERY] Stored S3 URL for 6940480940f8b8a9750b6566
2026-08-15 18:41:28,666 - INFO - [BULLETPROOF] Success on attempt 1
2026-08-15 18:41:28,666 - INFO - [PARALLEL-DOWNLOAD] Successfully downloaded 6940480940f8b8a9750b6566
2026-08-15 18:41:34,587 - INFO - [FETCH] Resume list page 289 retrieved
2026-08-15 18:41:34,587 - INFO - [FETCH-STORE] Page 289: 15 new IDs stored, 0 duplicates skipped
2026-08-15 18:41:38,676 - INFO - [BULLETPROOF] Attempt 1/5
2026-08-15 18:41:42,871 - INFO - [FETCH] Resume list page 290 retrieved
2026-08-15 18:41:42,872 - INFO - [FETCH-STORE] Page 290: 14 new IDs stored, 0 duplicates skipped
2026-08-15 18:41:50,050 - INFO - [DETAIL] S3 URL extracted for 693da9ea54a77fce0009d5d1
2026-08-15 18:41:51,078 - INFO - [DOWNLOAD] Success: Venkat_Middleware_Profile_SNzDCQ_u1mfRG.docx (17287 bytes) from S3
2026-08-15 18:41:51,078 - INFO - [RESUME-SKIP] Marked 693da9ea54a77fce0009d5d1 as downloaded
2026-08-15 18:41:51,078 - INFO - [S3-RECOVERY] Stored S3 URL for 693da9ea54a77fce0009d5d1
2026-08-15 18:41:51,078 - INFO - [BULLETPROOF] Success on attempt 1
2026-08-15 18:41:51,079 - INFO - [PARALLEL-DOWNLOAD] Successfully downloaded 693da9ea54a77fce0009d5d1
2026-08-15 18:41:57,007 - INFO - [FETCH] Resume list page 291 retrieved
2026-08-15 18:41:57,007 - INFO - [FETCH-STORE] Page 291: 15 new IDs stored, 0 duplicates skipped
2026-08-15 18:42:01,088 - INFO - [BULLETPROOF] Attempt 1/5
2026-08-15 18:42:05,254 - INFO - [FETCH] Resume list page 292 retrieved
2026-08-15 18:42:05,255 - INFO - [FETCH-STORE] Page 292: 15 new IDs stored, 0 duplicates skipped
2026-08-15 18:42:12,492 - INFO - [DETAIL] S3 URL extracted for 693c7d8b8aa50e62be07a54c
2026-08-15 18:42:13,799 - INFO - [DOWNLOAD] Success: NAING_NAING_AYE_RESUME_rWF8nz_tpMaHu.pdf (46552 bytes) from S3
2026-08-15 18:42:13,799 - INFO - [RESUME-SKIP] Marked 693c7d8b8aa50e62be07a54c as downloaded
2026-08-15 18:42:13,799 - INFO - [S3-RECOVERY] Stored S3 URL for 693c7d8b8aa50e62be07a54c
2026-08-15 18:42:13,799 - INFO - [BULLETPROOF] Success on attempt 1
2026-08-15 18:42:13,800 - INFO - [PARALLEL-DOWNLOAD] Successfully downloaded 693c7d8b8aa50e62be07a54c
2026-08-15 18:42:19,345 - INFO - [FETCH] Resume list page 293 retrieved
2026-08-15 18:42:19,346 - INFO - [FETCH-STORE] Page 293: 14 new IDs stored, 0 duplicates skipped
2026-08-15 18:42:23,810 - INFO - [BULLETPROOF] Attempt 1/5
2026-08-15 18:42:27,610 - INFO - [FETCH] Resume list page 294 retrieved
2026-08-15 18:42:27,611 - INFO - [FETCH-STORE] Page 294: 14 new IDs stored, 0 duplicates skipped
2026-08-15 18:42:34,816 - INFO - [DETAIL] S3 URL extracted for 693c79ce8eba94b9ac0e6e05
2026-08-15 18:42:35,864 - INFO - [DOWNLOAD] Success: Resume_Jayanth_Sarampati_uIgbrA_cEezWL.docx (29479 bytes) from S3
2026-08-15 18:42:35,864 - INFO - [RESUME-SKIP] Marked 693c79ce8eba94b9ac0e6e05 as downloaded
2026-08-15 18:42:35,864 - INFO - [S3-RECOVERY] Stored S3 URL for 693c79ce8eba94b9ac0e6e05
2026-08-15 18:42:35,864 - INFO - [BULLETPROOF] Success on attempt 1
2026-08-15 18:42:35,865 - INFO - [PARALLEL-DOWNLOAD] Successfully downloaded 693c79ce8eba94b9ac0e6e05
2026-08-15 18:42:41,731 - INFO - [FETCH] Resume list page 295 retrieved
2026-08-15 18:42:41,732 - INFO - [FETCH-STORE] Page 295: 14 new IDs stored, 0 duplicates skipped
2026-08-15 18:42:45,875 - INFO - [BULLETPROOF] Attempt 1/5
2026-08-15 18:42:49,954 - INFO - [FETCH] Resume list page 296 retrieved
2026-08-15 18:42:49,954 - INFO - [FETCH-STORE] Page 296: 14 new IDs stored, 0 duplicates skipped
2026-08-15 18:42:57,107 - INFO - [DETAIL] S3 URL extracted for 693c7405569e00aea700e0b3
2026-08-15 18:42:58,151 - INFO - [DOWNLOAD] Success: Resume_Priyanka_DA_8tQi1B_pr9oOX.docx (28938 bytes) from S3
2026-08-15 18:42:58,151 - INFO - [RESUME-SKIP] Marked 693c7405569e00aea700e0b3 as downloaded
2026-08-15 18:42:58,152 - INFO - [S3-RECOVERY] Stored S3 URL for 693c7405569e00aea700e0b3
2026-08-15 18:42:58,152 - INFO - [BULLETPROOF] Success on attempt 1
2026-08-15 18:42:58,152 - INFO - [PARALLEL-DOWNLOAD] Successfully downloaded 693c7405569e00aea700e0b3
2026-08-15 18:43:04,055 - INFO - [FETCH] Resume list page 297 retrieved
2026-08-15 18:43:04,057 - INFO - [FETCH-STORE] Page 297: 15 new IDs stored, 0 duplicates skipped
2026-08-15 18:43:08,163 - INFO - [BULLETPROOF] Attempt 1/5
2026-08-15 18:43:12,392 - INFO - [FETCH] Resume list page 298 retrieved
2026-08-15 18:43:12,393 - INFO - [FETCH-STORE] Page 298: 14 new IDs stored, 0 duplicates skipped
2026-08-15 18:43:19,454 - INFO - [DETAIL] S3 URL extracted for 693c1edf7c630ee956025ea8
2026-08-15 18:43:20,985 - INFO - [DOWNLOAD] Success: Resume_Mesyia_Lawson__pu9JEH_iHgk2T.pdf (139335 bytes) from S3
2026-08-15 18:43:20,985 - INFO - [RESUME-SKIP] Marked 693c1edf7c630ee956025ea8 as downloaded
2026-08-15 18:43:20,985 - INFO - [S3-RECOVERY] Stored S3 URL for 693c1edf7c630ee956025ea8
2026-08-15 18:43:20,985 - INFO - [BULLETPROOF] Success on attempt 1
2026-08-15 18:43:20,985 - INFO - [PARALLEL-DOWNLOAD] Successfully downloaded 693c1edf7c630ee956025ea8
2026-08-15 18:43:26,405 - INFO - [FETCH] Resume list page 299 retrieved
2026-08-15 18:43:26,408 - INFO - [FETCH-STORE] Page 299: 15 new IDs stored, 0 duplicates skipped
2026-08-15 18:43:30,995 - INFO - [BULLETPROOF] Attempt 1/5
2026-08-15 18:43:34,548 - INFO - [FETCH] Resume list page 300 retrieved
2026-08-15 18:43:34,549 - INFO - [FETCH-STORE] Page 300: 15 new IDs stored, 0 duplicates skipped
2026-08-15 18:43:41,735 - INFO - [DETAIL] S3 URL extracted for 693c1508dfab6213000bc39c
2026-08-15 18:43:43,079 - INFO - [DOWNLOAD] Success: Alex_FullStack_U5sGfl_xhxv1U.pdf (61765 bytes) from S3
2026-08-15 18:43:43,080 - INFO - [RESUME-SKIP] Marked 693c1508dfab6213000bc39c as downloaded
2026-08-15 18:43:43,080 - INFO - [S3-RECOVERY] Stored S3 URL for 693c1508dfab6213000bc39c
2026-08-15 18:43:43,080 - INFO - [BULLETPROOF] Success on attempt 1
2026-08-15 18:43:43,080 - INFO - [PARALLEL-DOWNLOAD] Successfully downloaded 693c1508dfab6213000bc39c
2026-08-15 18:43:48,742 - INFO - [FETCH] Resume list page 301 retrieved
2026-08-15 18:43:48,742 - INFO - [FETCH-STORE] Page 301: 15 new IDs stored, 0 duplicates skipped
2026-08-15 18:43:53,100 - INFO - [BULLETPROOF] Attempt 1/5
2026-08-15 18:43:56,943 - INFO - [FETCH] Resume list page 302 retrieved
2026-08-15 18:43:56,944 - INFO - [FETCH-STORE] Page 302: 15 new IDs stored, 0 duplicates skipped
2026-08-15 18:44:04,233 - INFO - [DETAIL] S3 URL extracted for 693ba1957f436aea7b041e69
2026-08-15 18:44:05,842 - INFO - [DOWNLOAD] Success: Plinio_Resume_01_2025_nhn2Mn_ELeSdQ.pdf (128002 bytes) from S3
2026-08-15 18:44:05,843 - INFO - [RESUME-SKIP] Marked 693ba1957f436aea7b041e69 as downloaded
2026-08-15 18:44:05,843 - INFO - [S3-RECOVERY] Stored S3 URL for 693ba1957f436aea7b041e69
2026-08-15 18:44:05,843 - INFO - [BULLETPROOF] Success on attempt 1
2026-08-15 18:44:05,843 - INFO - [PARALLEL-DOWNLOAD] Successfully downloaded 693ba1957f436aea7b041e69
2026-08-15 18:44:11,320 - INFO - [FETCH] Resume list page 303 retrieved
2026-08-15 18:44:11,320 - INFO - [FETCH-STORE] Page 303: 15 new IDs stored, 0 duplicates skipped
2026-08-15 18:44:15,854 - INFO - [BULLETPROOF] Attempt 1/5
2026-08-15 18:44:19,533 - INFO - [FETCH] Resume list page 304 retrieved
2026-08-15 18:44:19,534 - INFO - [FETCH-STORE] Page 304: 15 new IDs stored, 0 duplicates skipped
2026-08-15 18:44:26,754 - INFO - [DETAIL] S3 URL extracted for 693b3f2e3f4c01e91607208a
2026-08-15 18:44:28,083 - INFO - [DOWNLOAD] Success: Byung_Kyu_P_MERN_Fullstack_Developer_Resume_VPw1JA_hMOPIH.pdf (53657 bytes) from S3
2026-08-15 18:44:28,084 - INFO - [RESUME-SKIP] Marked 693b3f2e3f4c01e91607208a as downloaded
2026-08-15 18:44:28,084 - INFO - [S3-RECOVERY] Stored S3 URL for 693b3f2e3f4c01e91607208a
2026-08-15 18:44:28,084 - INFO - [BULLETPROOF] Success on attempt 1
2026-08-15 18:44:28,084 - INFO - [PARALLEL-DOWNLOAD] Successfully downloaded 693b3f2e3f4c01e91607208a
2026-08-15 18:44:33,726 - INFO - [FETCH] Resume list page 305 retrieved
2026-08-15 18:44:33,727 - INFO - [FETCH-STORE] Page 305: 15 new IDs stored, 0 duplicates skipped
2026-08-15 18:44:38,101 - INFO - [BULLETPROOF] Attempt 1/5
2026-08-15 18:44:41,882 - INFO - [FETCH] Resume list page 306 retrieved
2026-08-15 18:44:41,883 - INFO - [FETCH-STORE] Page 306: 14 new IDs stored, 0 duplicates skipped
2026-08-15 18:44:49,061 - ERROR - [ERROR] Download failed for 69727d42d656b893310f153b: URL can't contain control characters. '/Tkxxy2-pAEJx6-qR0t4e-Layaswi Resume.docx' (found at least ' ')
2026-08-15 18:44:56,045 - INFO - [FETCH] Resume list page 307 retrieved
2026-08-15 18:44:56,046 - INFO - [FETCH-STORE] Page 307: 15 new IDs stored, 0 duplicates skipped
2026-08-15 18:45:04,306 - INFO - [FETCH] Resume list page 308 retrieved
2026-08-15 18:45:04,307 - INFO - [FETCH-STORE] Page 308: 14 new IDs stored, 0 duplicates skipped
2026-08-15 18:45:12,581 - INFO - [FETCH] Resume list page 309 retrieved
2026-08-15 18:45:12,582 - INFO - [FETCH-STORE] Page 309: 14 new IDs stored, 0 duplicates skipped
2026-08-15 18:45:19,094 - INFO - [BULLETPROOF] Attempt 2/5
2026-08-15 18:45:20,746 - INFO - [FETCH] Resume list page 310 retrieved
2026-08-15 18:45:20,747 - INFO - [FETCH-STORE] Page 310: 15 new IDs stored, 0 duplicates skipped
2026-08-15 18:45:28,061 - ERROR - [ERROR] Download failed for 69727d42d656b893310f153b: URL can't contain control characters. '/Tkxxy2-pAEJx6-qR0t4e-Layaswi Resume.docx' (found at least ' ')
2026-08-15 18:45:35,036 - INFO - [FETCH] Resume list page 311 retrieved
2026-08-15 18:45:35,037 - INFO - [FETCH-STORE] Page 311: 15 new IDs stored, 0 duplicates skipped
2026-08-15 18:45:43,294 - INFO - [FETCH] Resume list page 312 retrieved
2026-08-15 18:45:43,294 - INFO - [FETCH-STORE] Page 312: 15 new IDs stored, 0 duplicates skipped
2026-08-15 18:45:51,587 - INFO - [FETCH] Resume list page 313 retrieved
2026-08-15 18:45:51,588 - INFO - [FETCH-STORE] Page 313: 14 new IDs stored, 0 duplicates skipped
2026-08-15 18:45:58,093 - INFO - [BULLETPROOF] Attempt 3/5
2026-08-15 18:45:59,761 - INFO - [FETCH] Resume list page 314 retrieved
2026-08-15 18:45:59,762 - INFO - [FETCH-STORE] Page 314: 15 new IDs stored, 0 duplicates skipped
2026-08-15 18:46:06,991 - ERROR - [ERROR] Download failed for 69727d42d656b893310f153b: URL can't contain control characters. '/Tkxxy2-pAEJx6-qR0t4e-Layaswi Resume.docx' (found at least ' ')
2026-08-15 18:46:14,022 - INFO - [FETCH] Resume list page 315 retrieved
2026-08-15 18:46:14,023 - INFO - [FETCH-STORE] Page 315: 15 new IDs stored, 0 duplicates skipped
2026-08-15 18:46:22,138 - INFO - [FETCH] Resume list page 316 retrieved
2026-08-15 18:46:22,139 - INFO - [FETCH-STORE] Page 316: 15 new IDs stored, 0 duplicates skipped
2026-08-15 18:46:30,286 - INFO - [FETCH] Resume list page 317 retrieved
2026-08-15 18:46:30,287 - INFO - [FETCH-STORE] Page 317: 14 new IDs stored, 0 duplicates skipped
2026-08-15 18:46:37,024 - INFO - [BULLETPROOF] Attempt 4/5
2026-08-15 18:46:38,543 - INFO - [FETCH] Resume list page 318 retrieved
2026-08-15 18:46:38,544 - INFO - [FETCH-STORE] Page 318: 14 new IDs stored, 0 duplicates skipped
2026-08-15 18:46:45,925 - ERROR - [ERROR] Download failed for 69727d42d656b893310f153b: URL can't contain control characters. '/Tkxxy2-pAEJx6-qR0t4e-Layaswi Resume.docx' (found at least ' ')
2026-08-15 18:46:52,892 - INFO - [FETCH] Resume list page 319 retrieved
2026-08-15 18:46:52,893 - INFO - [FETCH-STORE] Page 319: 15 new IDs stored, 0 duplicates skipped
2026-08-15 18:47:01,941 - INFO - [FETCH] Resume list page 320 retrieved
2026-08-15 18:47:01,942 - INFO - [FETCH-STORE] Page 320: 14 new IDs stored, 0 duplicates skipped
2026-08-15 18:47:10,146 - INFO - [FETCH] Resume list page 321 retrieved
2026-08-15 18:47:10,146 - INFO - [FETCH-STORE] Page 321: 15 new IDs stored, 0 duplicates skipped
2026-08-15 18:47:15,962 - INFO - [BULLETPROOF] Attempt 5/5
2026-08-15 18:47:18,419 - INFO - [FETCH] Resume list page 322 retrieved
2026-08-15 18:47:18,420 - INFO - [FETCH-STORE] Page 322: 15 new IDs stored, 0 duplicates skipped
2026-08-15 18:47:25,682 - ERROR - [ERROR] Download failed for 69727d42d656b893310f153b: URL can't contain control characters. '/Tkxxy2-pAEJx6-qR0t4e-Layaswi Resume.docx' (found at least ' ')
2026-08-15 18:47:25,684 - WARNING - [PARALLEL-DOWNLOAD] Failed to download 69727d42d656b893310f153b after all retries
2026-08-15 18:47:32,643 - INFO - [FETCH] Resume list page 323 retrieved
2026-08-15 18:47:32,644 - INFO - [FETCH-STORE] Page 323: 15 new IDs stored, 0 duplicates skipped
2026-08-15 18:47:35,695 - INFO - [BULLETPROOF] Attempt 1/5
2026-08-15 18:47:40,841 - INFO - [FETCH] Resume list page 324 retrieved
2026-08-15 18:47:40,841 - INFO - [FETCH-STORE] Page 324: 14 new IDs stored, 0 duplicates skipped
2026-08-15 18:47:47,979 - INFO - [DETAIL] S3 URL extracted for 693b399392239bd0aa0118f8
2026-08-15 18:47:49,587 - INFO - [DOWNLOAD] Success: Sharmeela_Shankar_Resume_QRkb7W_ohNXqC.pdf (126910 bytes) from S3
2026-08-15 18:47:49,600 - INFO - [RESUME-SKIP] Marked 693b399392239bd0aa0118f8 as downloaded
2026-08-15 18:47:49,603 - INFO - [S3-RECOVERY] Stored S3 URL for 693b399392239bd0aa0118f8
2026-08-15 18:47:49,603 - INFO - [BULLETPROOF] Success on attempt 1
2026-08-15 18:47:49,604 - INFO - [PARALLEL-DOWNLOAD] Successfully downloaded 693b399392239bd0aa0118f8
2026-08-15 18:47:54,916 - INFO - [FETCH] Resume list page 325 retrieved
2026-08-15 18:47:54,917 - INFO - [FETCH-STORE] Page 325: 14 new IDs stored, 0 duplicates skipped
2026-08-15 18:47:59,615 - INFO - [BULLETPROOF] Attempt 1/5
2026-08-15 18:48:03,075 - INFO - [FETCH] Resume list page 326 retrieved
2026-08-15 18:48:03,075 - INFO - [FETCH-STORE] Page 326: 15 new IDs stored, 0 duplicates skipped
2026-08-15 18:48:11,107 - ERROR - [DOWNLOAD] S3 status 403 for 693b2eef9fe60e44d60b817f
2026-08-15 18:48:17,377 - INFO - [FETCH] Resume list page 327 retrieved
2026-08-15 18:48:17,378 - INFO - [FETCH-STORE] Page 327: 14 new IDs stored, 0 duplicates skipped
2026-08-15 18:48:25,587 - INFO - [FETCH] Resume list page 328 retrieved
2026-08-15 18:48:25,588 - INFO - [FETCH-STORE] Page 328: 13 new IDs stored, 0 duplicates skipped
2026-08-15 18:48:33,844 - INFO - [FETCH] Resume list page 329 retrieved
2026-08-15 18:48:33,845 - INFO - [FETCH-STORE] Page 329: 15 new IDs stored, 0 duplicates skipped
2026-08-15 18:48:41,140 - INFO - [BULLETPROOF] Attempt 2/5
2026-08-15 18:48:42,182 - INFO - [FETCH] Resume list page 330 retrieved
2026-08-15 18:48:42,183 - INFO - [FETCH-STORE] Page 330: 14 new IDs stored, 0 duplicates skipped
2026-08-15 18:48:50,901 - ERROR - [DOWNLOAD] S3 status 403 for 693b2eef9fe60e44d60b817f
2026-08-15 18:48:57,096 - INFO - [FETCH] Resume list page 331 retrieved
2026-08-15 18:48:57,097 - INFO - [FETCH-STORE] Page 331: 15 new IDs stored, 0 duplicates skipped
2026-08-15 18:49:05,348 - INFO - [FETCH] Resume list page 332 retrieved
2026-08-15 18:49:05,349 - INFO - [FETCH-STORE] Page 332: 15 new IDs stored, 0 duplicates skipped
2026-08-15 18:49:13,535 - INFO - [FETCH] Resume list page 333 retrieved
2026-08-15 18:49:13,536 - INFO - [FETCH-STORE] Page 333: 15 new IDs stored, 0 duplicates skipped
2026-08-15 18:49:20,932 - INFO - [BULLETPROOF] Attempt 3/5
2026-08-15 18:49:21,715 - INFO - [FETCH] Resume list page 334 retrieved
2026-08-15 18:49:21,716 - INFO - [FETCH-STORE] Page 334: 15 new IDs stored, 0 duplicates skipped
2026-08-15 18:49:30,696 - ERROR - [DOWNLOAD] S3 status 403 for 693b2eef9fe60e44d60b817f
2026-08-15 18:49:36,898 - INFO - [FETCH] Resume list page 335 retrieved
2026-08-15 18:49:36,899 - INFO - [FETCH-STORE] Page 335: 15 new IDs stored, 0 duplicates skipped
2026-08-15 18:49:45,098 - INFO - [FETCH] Resume list page 336 retrieved
2026-08-15 18:49:45,099 - INFO - [FETCH-STORE] Page 336: 15 new IDs stored, 0 duplicates skipped
2026-08-15 18:49:53,305 - INFO - [FETCH] Resume list page 337 retrieved
2026-08-15 18:49:53,306 - INFO - [FETCH-STORE] Page 337: 15 new IDs stored, 0 duplicates skipped
2026-08-15 18:50:00,727 - INFO - [BULLETPROOF] Attempt 4/5
2026-08-15 18:50:01,595 - INFO - [FETCH] Resume list page 338 retrieved
2026-08-15 18:50:01,595 - INFO - [FETCH-STORE] Page 338: 15 new IDs stored, 0 duplicates skipped
2026-08-15 18:50:10,448 - ERROR - [DOWNLOAD] S3 status 403 for 693b2eef9fe60e44d60b817f
2026-08-15 18:50:16,608 - INFO - [FETCH] Resume list page 339 retrieved
2026-08-15 18:50:16,609 - INFO - [FETCH-STORE] Page 339: 15 new IDs stored, 0 duplicates skipped
